C1_ratio_anchor=0.75,C1_ratio_images=0.0,C1_ratio_is_number=0.0,C2_ratio_anchor=0.75,C2_ratio_images=0.0,C2_ratio_is_number=0.0,C3_ratio_anchor=0.5,C3_ratio_images=0.0,C3_ratio_is_number=0.0,C4_ratio_anchor=1.0,C4_ratio_images=0.0,C4_ratio_is_number=0.0,COL_NUM=16.0,TOKEN_=4.0,TOKEN_back=4.0,TOKEN_central=4.0,TOKEN_front=4.0
C1_ratio_anchor=0.9231,C1_ratio_images=0.0,C1_ratio_is_number=0.0,C2_ratio_anchor=0.9231,C2_ratio_images=0.0,C2_ratio_is_number=0.0,C3_ratio_anchor=0.6154,C3_ratio_images=0.0,C3_ratio_is_number=0.0,C4_ratio_anchor=1.0,C4_ratio_images=0.0,C4_ratio_is_number=0.0,C5_ratio_anchor=0.4615,C5_ratio_images=0.0,C5_ratio_is_number=0.0,C6_ratio_anchor=0.1538,C6_ratio_images=0.0,C6_ratio_is_number=0.0,C7_ratio_anchor=0.4615,C7_ratio_images=0.0,C7_ratio_is_number=0.0,C8_ratio_anchor=0.2308,C8_ratio_images=0.0,C8_ratio_is_number=0.0,C9_ratio_anchor=0.1538,C9_ratio_images=0.0,C9_ratio_is_number=0.0,COL_NUM=36.0,TOKEN_=4.0,TOKEN_dental_/_alveolar=4.0,TOKEN_glottal=4.0,TOKEN_labials=4.0,TOKEN_palatal=4.0,TOKEN_post-_alveolar=4.0,TOKEN_uvular=4.0,TOKEN_velar=4.0
C1_ratio_anchor=0.0,C1_ratio_images=0.0,C1_ratio_is_number=0.0,C2_ratio_anchor=0.0,C2_ratio_images=0.0,C2_ratio_is_number=0.0,C3_ratio_anchor=0.0,C3_ratio_images=0.0,C3_ratio_is_number=0.0,COL_NUM=12.0,TOKEN_case_(holov)=4.0,TOKEN_plural=4.0,TOKEN_singular=4.0
C1_ratio_anchor=0.0,C1_ratio_images=0.0,C1_ratio_is_number=0.0,C2_ratio_anchor=0.0,C2_ratio_images=0.0,C2_ratio_is_number=0.0,C3_ratio_anchor=0.0,C3_ratio_images=0.0,C3_ratio_is_number=0.0,COL_NUM=12.0,TOKEN_case_(holov)=4.0,TOKEN_plural=4.0,TOKEN_singular=4.0
C1_ratio_anchor=0.0,C1_ratio_images=0.0,C1_ratio_is_number=0.0,C2_ratio_anchor=0.0,C2_ratio_images=0.0,C2_ratio_is_number=0.0,C3_ratio_anchor=0.0,C3_ratio_images=0.0,C3_ratio_is_number=0.0,COL_NUM=12.0,TOKEN_case_(holov)=4.0,TOKEN_plural=4.0,TOKEN_singular=4.0
C1_ratio_anchor=0.0,C1_ratio_images=0.0,C1_ratio_is_number=0.0,C2_ratio_anchor=0.9524,C2_ratio_images=0.0,C2_ratio_is_number=0.0,C3_ratio_anchor=1.0,C3_ratio_images=0.0,C3_ratio_is_number=0.0,COL_NUM=12.0,TOKEN_eastern_armenian=4.0,TOKEN_english=4.0,TOKEN_western_armenian=4.0
C1_ratio_anchor=0.9756,C1_ratio_images=0.0,C1_ratio_is_number=0.0,C2_ratio_anchor=1.0,C2_ratio_images=0.0,C2_ratio_is_number=0.0,C3_ratio_anchor=0.1463,C3_ratio_images=0.0,C3_ratio_is_number=0.0,C4_ratio_anchor=0.0732,C4_ratio_images=0.0,C4_ratio_is_number=0.0,C5_ratio_anchor=0.0488,C5_ratio_images=0.0,C5_ratio_is_number=0.0,C6_ratio_anchor=0.0732,C6_ratio_images=0.0,C6_ratio_is_number=0.0,C7_ratio_anchor=0.0244,C7_ratio_images=0.0,C7_ratio_is_number=0.0,C8_ratio_anchor=1.0,C8_ratio_images=0.0,C8_ratio_is_number=0.0,COL_NUM=32.0,TOKEN_armenian=4.0,TOKEN_classical_and_hellenistic_greek=4.0,TOKEN_english=4.0,TOKEN_latin=4.0,TOKEN_persian=4.0,TOKEN_pie=4.0,TOKEN_russian=4.0,TOKEN_sanskrit=4.0
C1_ratio_anchor=0.75,C1_ratio_images=0.0,C1_ratio_is_number=0.0,C2_ratio_anchor=0.75,C2_ratio_images=0.5,C2_ratio_is_number=0.0,C3_ratio_anchor=0.25,C3_ratio_images=0.0,C3_ratio_is_number=0.0,C4_ratio_anchor=0.75,C4_ratio_images=0.5,C4_ratio_is_number=0.0,COL_NUM=16.0,TOKEN_=4.0,TOKEN_back=4.0,TOKEN_central=4.0,TOKEN_front=4.0
C1_ratio_anchor=0.0185,C1_ratio_images=0.0,C1_ratio_is_number=0.0,C2_ratio_anchor=0.0,C2_ratio_images=0.0,C2_ratio_is_number=0.0,C3_ratio_anchor=0.5714,C3_ratio_images=0.4286,C3_ratio_is_number=0.0,C4_ratio_anchor=1.0,C4_ratio_images=0.8571,C4_ratio_is_number=0.0,C5_ratio_anchor=1.0,C5_ratio_images=0.8571,C5_ratio_is_number=0.0,C6_ratio_anchor=0.4286,C6_ratio_images=0.2857,C6_ratio_is_number=0.0,C7_ratio_anchor=0.4286,C7_ratio_images=0.2857,C7_ratio_is_number=0.0,C8_ratio_anchor=0.4286,C8_ratio_images=0.2857,C8_ratio_is_number=0.0,COL_NUM=8.0,TOKEN_english=4.0,TOKEN_etruscan=4.0
C1_ratio_anchor=0.0,C1_ratio_images=0.0,C1_ratio_is_number=0.0,C2_ratio_anchor=0.0741,C2_ratio_images=0.0,C2_ratio_is_number=0.0,COL_NUM=8.0,TOKEN_english=4.0,TOKEN_etruscan=4.0
C1_ratio_anchor=0.8889,C1_ratio_images=0.0,C1_ratio_is_number=0.0,C2_ratio_anchor=0.0,C2_ratio_images=0.0,C2_ratio_is_number=0.0,C3_ratio_anchor=0.0,C3_ratio_images=0.0,C3_ratio_is_number=0.1111,C4_ratio_anchor=0.1111,C4_ratio_images=0.0,C4_ratio_is_number=0.8889,C5_ratio_anchor=0.0,C5_ratio_images=0.0,C5_ratio_is_number=0.0,COL_NUM=20.0,TOKEN_aircraft=4.0,TOKEN_in_service_=4.0,TOKEN_notes=4.0,TOKEN_type=4.0,TOKEN_versions=4.0
C1_ratio_anchor=0.0,C1_ratio_images=0.0,C1_ratio_is_number=0.0,C2_ratio_anchor=0.0,C2_ratio_images=0.0,C2_ratio_is_number=0.0,C3_ratio_anchor=0.0,C3_ratio_images=0.0,C3_ratio_is_number=0.0,C4_ratio_anchor=0.0,C4_ratio_images=0.0,C4_ratio_is_number=0.0,C5_ratio_anchor=0.0,C5_ratio_images=0.0,C5_ratio_is_number=0.8571,C6_ratio_anchor=0.0,C6_ratio_images=0.0,C6_ratio_is_number=0.8571,C7_ratio_anchor=0.0,C7_ratio_images=0.0,C7_ratio_is_number=0.8571,C8_ratio_anchor=0.0,C8_ratio_images=0.0,C8_ratio_is_number=0.8571,C9_ratio_anchor=0.0,C9_ratio_images=0.0,C9_ratio_is_number=0.8571,COL_NUM=36.0,TOKEN_cbr*=4.0,TOKEN_cdr*=4.0,TOKEN_deaths_per_year=4.0,TOKEN_imr*=4.0,TOKEN_live_births_per_year=4.0,TOKEN_natural_change_per_year=4.0,TOKEN_nc*=4.0,TOKEN_period=4.0,TOKEN_tfr*=4.0
C1_ratio_anchor=0.0,C1_ratio_images=0.0,C1_ratio_is_number=0.3333,C2_ratio_anchor=0.0,C2_ratio_images=0.0,C2_ratio_is_number=0.6667,C3_ratio_anchor=0.0,C3_ratio_images=0.0,C3_ratio_is_number=0.6667,C4_ratio_anchor=0.0,C4_ratio_images=0.0,C4_ratio_is_number=0.6667,C5_ratio_anchor=0.0,C5_ratio_images=0.0,C5_ratio_is_number=0.6667,C6_ratio_anchor=0.0,C6_ratio_images=0.0,C6_ratio_is_number=0.6667,C7_ratio_anchor=0.0,C7_ratio_images=0.0,C7_ratio_is_number=0.6667,COL_NUM=28.0,TOKEN_cbr_(rural)=4.0,TOKEN_cbr_(total)=4.0,TOKEN_cbr_(urban)=4.0,TOKEN_tfr_(rural)=4.0,TOKEN_tfr_(total)=4.0,TOKEN_tfr_(urban)=4.0,TOKEN_year=4.0
C1_ratio_anchor=1.0,C1_ratio_images=0.0,C1_ratio_is_number=0.0,C2_ratio_anchor=0.3333,C2_ratio_images=0.0,C2_ratio_is_number=0.0,C3_ratio_anchor=1.0,C3_ratio_images=0.0,C3_ratio_is_number=0.0,C4_ratio_anchor=0.0,C4_ratio_images=0.0,C4_ratio_is_number=0.8889,COL_NUM=16.0,TOKEN_country=4.0,TOKEN_current_mission=4.0,TOKEN_nr._of_personnel=4.0,TOKEN_organization=4.0
C1_ratio_anchor=0.0,C1_ratio_images=0.0,C1_ratio_is_number=0.0,C2_ratio_anchor=0.0,C2_ratio_images=0.0,C2_ratio_is_number=0.0,C3_ratio_anchor=0.0,C3_ratio_images=0.0,C3_ratio_is_number=0.0,C4_ratio_anchor=0.0,C4_ratio_images=0.0,C4_ratio_is_number=0.0,C5_ratio_anchor=0.0,C5_ratio_images=0.0,C5_ratio_is_number=0.8571,C6_ratio_anchor=0.0,C6_ratio_images=0.0,C6_ratio_is_number=0.8571,C7_ratio_anchor=0.0,C7_ratio_images=0.0,C7_ratio_is_number=0.8571,C8_ratio_anchor=0.0,C8_ratio_images=0.0,C8_ratio_is_number=0.8571,C9_ratio_anchor=0.0,C9_ratio_images=0.0,C9_ratio_is_number=0.8571,COL_NUM=36.0,TOKEN_cbr*=4.0,TOKEN_cdr*=4.0,TOKEN_deaths_per_year=4.0,TOKEN_imr*=4.0,TOKEN_live_births_per_year=4.0,TOKEN_natural_change_per_year=4.0,TOKEN_nc*=4.0,TOKEN_period=4.0,TOKEN_tfr*=4.0
C1_ratio_anchor=0.0,C1_ratio_images=0.0,C1_ratio_is_number=0.3333,C2_ratio_anchor=0.0,C2_ratio_images=0.0,C2_ratio_is_number=0.6667,C3_ratio_anchor=0.0,C3_ratio_images=0.0,C3_ratio_is_number=0.6667,C4_ratio_anchor=0.0,C4_ratio_images=0.0,C4_ratio_is_number=0.6667,C5_ratio_anchor=0.0,C5_ratio_images=0.0,C5_ratio_is_number=0.6667,C6_ratio_anchor=0.0,C6_ratio_images=0.0,C6_ratio_is_number=0.6667,C7_ratio_anchor=0.0,C7_ratio_images=0.0,C7_ratio_is_number=0.6667,COL_NUM=28.0,TOKEN_cbr_(rural)=4.0,TOKEN_cbr_(total)=4.0,TOKEN_cbr_(urban)=4.0,TOKEN_tfr_(rural)=4.0,TOKEN_tfr_(total)=4.0,TOKEN_tfr_(urban)=4.0,TOKEN_year=4.0
C1_ratio_anchor=0.0,C1_ratio_images=0.0,C1_ratio_is_number=0.9091,C2_ratio_anchor=0.9091,C2_ratio_images=0.0,C2_ratio_is_number=0.0,C3_ratio_anchor=0.0,C3_ratio_images=0.0,C3_ratio_is_number=0.0,C4_ratio_anchor=0.2727,C4_ratio_images=0.0,C4_ratio_is_number=0.9091,COL_NUM=16.0,TOKEN_country=4.0,TOKEN_drc_born_population=4.0,TOKEN_rank=4.0,TOKEN_region=4.0
C1_ratio_anchor=0.0,C1_ratio_images=0.0,C1_ratio_is_number=0.0,C2_ratio_anchor=0.0,C2_ratio_images=0.0,C2_ratio_is_number=0.0,C3_ratio_anchor=0.0,C3_ratio_images=0.0,C3_ratio_is_number=0.0,C4_ratio_anchor=0.0,C4_ratio_images=0.0,C4_ratio_is_number=0.0,C5_ratio_anchor=0.0,C5_ratio_images=0.0,C5_ratio_is_number=0.8571,C6_ratio_anchor=0.0,C6_ratio_images=0.0,C6_ratio_is_number=0.8571,C7_ratio_anchor=0.0,C7_ratio_images=0.0,C7_ratio_is_number=0.8571,C8_ratio_anchor=0.0,C8_ratio_images=0.0,C8_ratio_is_number=0.8571,C9_ratio_anchor=0.0,C9_ratio_images=0.0,C9_ratio_is_number=0.8571,COL_NUM=36.0,TOKEN_cbr*=4.0,TOKEN_cdr*=4.0,TOKEN_deaths_per_year=4.0,TOKEN_imr*=4.0,TOKEN_live_births_per_year=4.0,TOKEN_natural_change_per_year=4.0,TOKEN_nc*=4.0,TOKEN_period=4.0,TOKEN_tfr*=4.0
C1_ratio_anchor=0.0,C1_ratio_images=0.0,C1_ratio_is_number=0.8,C2_ratio_anchor=0.0,C2_ratio_images=0.0,C2_ratio_is_number=0.8,C3_ratio_anchor=0.0,C3_ratio_images=0.0,C3_ratio_is_number=0.8,C4_ratio_anchor=0.0,C4_ratio_images=0.0,C4_ratio_is_number=0.6,C5_ratio_anchor=0.0,C5_ratio_images=0.0,C5_ratio_is_number=0.8,C6_ratio_anchor=0.0,C6_ratio_images=0.0,C6_ratio_is_number=0.6,C7_ratio_anchor=0.0,C7_ratio_images=0.0,C7_ratio_is_number=0.8,COL_NUM=28.0,TOKEN_cbr_(rural)=4.0,TOKEN_cbr_(total)=4.0,TOKEN_cbr_(urban)=4.0,TOKEN_tfr_(rural)=4.0,TOKEN_tfr_(total)=4.0,TOKEN_tfr_(urban)=4.0,TOKEN_year=4.0
C1_ratio_anchor=0.0,C1_ratio_images=0.0,C1_ratio_is_number=0.9412,C2_ratio_anchor=0.9412,C2_ratio_images=0.0,C2_ratio_is_number=0.0,COL_NUM=8.0,TOKEN_winner=4.0,TOKEN_year=4.0
C1_ratio_anchor=0.0,C1_ratio_images=0.0,C1_ratio_is_number=0.9412,C2_ratio_anchor=0.9412,C2_ratio_images=0.0,C2_ratio_is_number=0.0,COL_NUM=8.0,TOKEN_winner=4.0,TOKEN_year=4.0
C1_ratio_anchor=0.0,C1_ratio_images=0.0,C1_ratio_is_number=0.9412,C2_ratio_anchor=0.9412,C2_ratio_images=0.0,C2_ratio_is_number=0.0,COL_NUM=8.0,TOKEN_winner=4.0,TOKEN_year=4.0
C1_ratio_anchor=0.9286,C1_ratio_images=0.0,C1_ratio_is_number=0.0,C2_ratio_anchor=0.2143,C2_ratio_images=0.0,C2_ratio_is_number=0.0,C3_ratio_anchor=0.9286,C3_ratio_images=0.0,C3_ratio_is_number=0.0,COL_NUM=12.0,TOKEN_name=4.0,TOKEN_period=4.0,TOKEN_trophies=4.0
C1_ratio_anchor=0.0,C1_ratio_images=0.0,C1_ratio_is_number=0.0,C2_ratio_anchor=0.0,C2_ratio_images=0.0,C2_ratio_is_number=0.0,C3_ratio_anchor=0.0,C3_ratio_images=0.0,C3_ratio_is_number=0.0,C4_ratio_anchor=0.0,C4_ratio_images=0.0,C4_ratio_is_number=0.0,C5_ratio_anchor=0.0,C5_ratio_images=0.0,C5_ratio_is_number=0.8571,C6_ratio_anchor=0.0,C6_ratio_images=0.0,C6_ratio_is_number=0.8571,C7_ratio_anchor=0.0,C7_ratio_images=0.0,C7_ratio_is_number=0.8571,C8_ratio_anchor=0.0,C8_ratio_images=0.0,C8_ratio_is_number=0.8571,C9_ratio_anchor=0.0,C9_ratio_images=0.0,C9_ratio_is_number=0.8571,COL_NUM=36.0,TOKEN_cbr*=4.0,TOKEN_cdr*=4.0,TOKEN_deaths_per_year=4.0,TOKEN_imr*=4.0,TOKEN_live_births_per_year=4.0,TOKEN_natural_change_per_year=4.0,TOKEN_nc*=4.0,TOKEN_period=4.0,TOKEN_tfr*=4.0
C1_ratio_anchor=0.0,C1_ratio_images=0.0,C1_ratio_is_number=0.6667,C2_ratio_anchor=0.0,C2_ratio_images=0.0,C2_ratio_is_number=0.3333,C3_ratio_anchor=0.0,C3_ratio_images=0.0,C3_ratio_is_number=0.6667,C4_ratio_anchor=0.0,C4_ratio_images=0.0,C4_ratio_is_number=0.3333,C5_ratio_anchor=0.0,C5_ratio_images=0.0,C5_ratio_is_number=0.6667,C6_ratio_anchor=0.0,C6_ratio_images=0.0,C6_ratio_is_number=0.3333,C7_ratio_anchor=0.0,C7_ratio_images=0.0,C7_ratio_is_number=0.6667,COL_NUM=28.0,TOKEN_cbr_(rural)=4.0,TOKEN_cbr_(total)=4.0,TOKEN_cbr_(urban)=4.0,TOKEN_tfr_(rural)=4.0,TOKEN_tfr_(total)=4.0,TOKEN_tfr_(urban)=4.0,TOKEN_year=4.0
C1_ratio_anchor=0.0,C1_ratio_images=0.0,C1_ratio_is_number=0.0,C2_ratio_anchor=0.0,C2_ratio_images=0.0,C2_ratio_is_number=0.0,C3_ratio_anchor=0.0,C3_ratio_images=0.0,C3_ratio_is_number=0.0,C4_ratio_anchor=0.0,C4_ratio_images=0.0,C4_ratio_is_number=0.0,C5_ratio_anchor=0.0,C5_ratio_images=0.0,C5_ratio_is_number=0.8571,C6_ratio_anchor=0.0,C6_ratio_images=0.0,C6_ratio_is_number=0.8571,C7_ratio_anchor=0.0,C7_ratio_images=0.0,C7_ratio_is_number=0.8571,C8_ratio_anchor=0.0,C8_ratio_images=0.0,C8_ratio_is_number=0.8571,C9_ratio_anchor=0.0,C9_ratio_images=0.0,C9_ratio_is_number=0.8571,COL_NUM=36.0,TOKEN_cbr*=4.0,TOKEN_cdr*=4.0,TOKEN_deaths_per_year=4.0,TOKEN_imr*=4.0,TOKEN_live_births_per_year=4.0,TOKEN_natural_change_per_year=4.0,TOKEN_nc*=4.0,TOKEN_period=4.0,TOKEN_tfr*=4.0
C1_ratio_anchor=0.0,C1_ratio_images=0.0,C1_ratio_is_number=0.0,C2_ratio_anchor=0.0,C2_ratio_images=0.0,C2_ratio_is_number=0.5,C3_ratio_anchor=0.0,C3_ratio_images=0.0,C3_ratio_is_number=0.5,C4_ratio_anchor=0.0,C4_ratio_images=0.0,C4_ratio_is_number=0.5,C5_ratio_anchor=0.0,C5_ratio_images=0.0,C5_ratio_is_number=0.5,C6_ratio_anchor=0.0,C6_ratio_images=0.0,C6_ratio_is_number=0.5,C7_ratio_anchor=0.0,C7_ratio_images=0.0,C7_ratio_is_number=0.5,COL_NUM=28.0,TOKEN_cbr_(rural)=4.0,TOKEN_cbr_(total)=4.0,TOKEN_cbr_(urban)=4.0,TOKEN_tfr_(rural)=4.0,TOKEN_tfr_(total)=4.0,TOKEN_tfr_(urban)=4.0,TOKEN_year=4.0
C1_ratio_anchor=0.75,C1_ratio_images=0.0,C1_ratio_is_number=0.0,C2_ratio_anchor=0.75,C2_ratio_images=0.0,C2_ratio_is_number=0.0,C3_ratio_anchor=0.5,C3_ratio_images=0.0,C3_ratio_is_number=0.0,C4_ratio_anchor=0.75,C4_ratio_images=0.0,C4_ratio_is_number=0.0,COL_NUM=16.0,TOKEN_=4.0,TOKEN_back=4.0,TOKEN_central=4.0,TOKEN_front=4.0
C1_ratio_anchor=0.8889,C1_ratio_images=0.0,C1_ratio_is_number=0.0,C2_ratio_anchor=0.8889,C2_ratio_images=0.0,C2_ratio_is_number=0.0,C3_ratio_anchor=0.5556,C3_ratio_images=0.0,C3_ratio_is_number=0.0,C4_ratio_anchor=0.4444,C4_ratio_images=0.0,C4_ratio_is_number=0.0,C5_ratio_anchor=0.6667,C5_ratio_images=0.0,C5_ratio_is_number=0.0,C6_ratio_anchor=0.6667,C6_ratio_images=0.0,C6_ratio_is_number=0.0,C7_ratio_anchor=0.4444,C7_ratio_images=0.0,C7_ratio_is_number=0.0,COL_NUM=28.0,TOKEN_=4.0,TOKEN_alveolar=4.0,TOKEN_dental=4.0,TOKEN_labial=4.0,TOKEN_palatal=4.0,TOKEN_velar=4.0
C1_ratio_anchor=0.871,C1_ratio_images=0.0,C1_ratio_is_number=0.0,C2_ratio_anchor=0.0323,C2_ratio_images=0.0,C2_ratio_is_number=0.0,C3_ratio_anchor=0.0,C3_ratio_images=0.0,C3_ratio_is_number=0.0,C4_ratio_anchor=0.0,C4_ratio_images=0.0,C4_ratio_is_number=0.0,COL_NUM=16.0,TOKEN_academia_de_l'aragonés=4.0,TOKEN_grafía_de_uesca_(1987)=4.0,TOKEN_grafía_sla=4.0,TOKEN_phonemes=4.0
C1_ratio_anchor=0.0,C1_ratio_images=0.0,C1_ratio_is_number=0.0,C2_ratio_anchor=0.0,C2_ratio_images=0.0,C2_ratio_is_number=0.0,C3_ratio_anchor=0.0,C3_ratio_images=0.0,C3_ratio_is_number=0.0,COL_NUM=12.0,TOKEN_=4.0,TOKEN_feminine=4.0,TOKEN_masculine=4.0
C1_ratio_anchor=0.0,C1_ratio_images=0.0,C1_ratio_is_number=0.0,C2_ratio_anchor=0.0,C2_ratio_images=0.0,C2_ratio_is_number=0.0,C3_ratio_anchor=0.0,C3_ratio_images=0.0,C3_ratio_is_number=0.0,COL_NUM=12.0,TOKEN_=4.0,TOKEN_feminine=4.0,TOKEN_masculine=4.0
C1_ratio_anchor=0.8696,C1_ratio_images=0.0,C1_ratio_is_number=0.0,C2_ratio_anchor=0.9565,C2_ratio_images=0.0,C2_ratio_is_number=0.0,C3_ratio_anchor=0.0,C3_ratio_images=0.0,C3_ratio_is_number=0.2609,COL_NUM=12.0,TOKEN_name=4.0,TOKEN_nationality=4.0,TOKEN_years=4.0
C1_ratio_anchor=0.9583,C1_ratio_images=0.0,C1_ratio_is_number=0.0,C2_ratio_anchor=0.9583,C2_ratio_images=0.0,C2_ratio_is_number=0.0,C3_ratio_anchor=0.0,C3_ratio_images=0.0,C3_ratio_is_number=0.1667,COL_NUM=12.0,TOKEN_name=4.0,TOKEN_nationality=4.0,TOKEN_years=4.0
C1_ratio_anchor=0.9524,C1_ratio_images=0.0,C1_ratio_is_number=0.0,C2_ratio_anchor=0.9524,C2_ratio_images=0.0,C2_ratio_is_number=0.0,C3_ratio_anchor=0.0,C3_ratio_images=0.0,C3_ratio_is_number=0.0476,COL_NUM=12.0,TOKEN_name=4.0,TOKEN_nationality=4.0,TOKEN_years=4.0
C1_ratio_anchor=0.0,C1_ratio_images=0.0,C1_ratio_is_number=0.875,C2_ratio_anchor=0.875,C2_ratio_images=0.0,C2_ratio_is_number=0.0,C3_ratio_anchor=0.0,C3_ratio_images=0.0,C3_ratio_is_number=0.875,COL_NUM=12.0,TOKEN_coefficient=4.0,TOKEN_rank=4.0,TOKEN_team=4.0
