TOKEN_=1.0,TOKEN_back=1.0,TOKEN_central=1.0,TOKEN_front=1.0
TOKEN_=1.0,TOKEN_dental_/_alveolar=1.0,TOKEN_glottal=1.0,TOKEN_labials=1.0,TOKEN_palatal=1.0,TOKEN_post-_alveolar=1.0,TOKEN_uvular=1.0,TOKEN_velar=1.0
TOKEN_case_(holov)=1.0,TOKEN_plural=1.0,TOKEN_singular=1.0
TOKEN_case_(holov)=1.0,TOKEN_plural=1.0,TOKEN_singular=1.0
TOKEN_case_(holov)=1.0,TOKEN_plural=1.0,TOKEN_singular=1.0
TOKEN_eastern_armenian=1.0,TOKEN_english=1.0,TOKEN_western_armenian=1.0
TOKEN_armenian=1.0,TOKEN_classical_and_hellenistic_greek=1.0,TOKEN_english=1.0,TOKEN_latin=1.0,TOKEN_persian=1.0,TOKEN_pie=1.0,TOKEN_russian=1.0,TOKEN_sanskrit=1.0
TOKEN_=1.0,TOKEN_back=1.0,TOKEN_central=1.0,TOKEN_front=1.0
TOKEN_english=1.0,TOKEN_etruscan=1.0
TOKEN_english=1.0,TOKEN_etruscan=1.0
TOKEN_aircraft=1.0,TOKEN_in_service_=1.0,TOKEN_notes=1.0,TOKEN_type=1.0,TOKEN_versions=1.0
TOKEN_cbr*=1.0,TOKEN_cdr*=1.0,TOKEN_deaths_per_year=1.0,TOKEN_imr*=1.0,TOKEN_live_births_per_year=1.0,TOKEN_natural_change_per_year=1.0,TOKEN_nc*=1.0,TOKEN_period=1.0,TOKEN_tfr*=1.0
TOKEN_cbr_(rural)=1.0,TOKEN_cbr_(total)=1.0,TOKEN_cbr_(urban)=1.0,TOKEN_tfr_(rural)=1.0,TOKEN_tfr_(total)=1.0,TOKEN_tfr_(urban)=1.0,TOKEN_year=1.0
TOKEN_country=1.0,TOKEN_current_mission=1.0,TOKEN_nr._of_personnel=1.0,TOKEN_organization=1.0
TOKEN_country=1.0,TOKEN_former_mission=1.0,TOKEN_nr._of_personnel=1.0,TOKEN_operation=1.0,TOKEN_organization=1.0,TOKEN_time=1.0
TOKEN_cbr*=1.0,TOKEN_cdr*=1.0,TOKEN_deaths_per_year=1.0,TOKEN_imr*=1.0,TOKEN_live_births_per_year=1.0,TOKEN_natural_change_per_year=1.0,TOKEN_nc*=1.0,TOKEN_period=1.0,TOKEN_tfr*=1.0
TOKEN_cbr_(rural)=1.0,TOKEN_cbr_(total)=1.0,TOKEN_cbr_(urban)=1.0,TOKEN_tfr_(rural)=1.0,TOKEN_tfr_(total)=1.0,TOKEN_tfr_(urban)=1.0,TOKEN_year=1.0
TOKEN_country=1.0,TOKEN_drc_born_population=1.0,TOKEN_rank=1.0,TOKEN_region=1.0
TOKEN_cbr*=1.0,TOKEN_cdr*=1.0,TOKEN_deaths_per_year=1.0,TOKEN_imr*=1.0,TOKEN_live_births_per_year=1.0,TOKEN_natural_change_per_year=1.0,TOKEN_nc*=1.0,TOKEN_period=1.0,TOKEN_tfr*=1.0
TOKEN_cbr_(rural)=1.0,TOKEN_cbr_(total)=1.0,TOKEN_cbr_(urban)=1.0,TOKEN_tfr_(rural)=1.0,TOKEN_tfr_(total)=1.0,TOKEN_tfr_(urban)=1.0,TOKEN_year=1.0
TOKEN_winner=1.0,TOKEN_year=1.0
TOKEN_winner=1.0,TOKEN_year=1.0
TOKEN_winner=1.0,TOKEN_year=1.0
TOKEN_name=1.0,TOKEN_period=1.0,TOKEN_trophies=1.0
TOKEN_cbr*=1.0,TOKEN_cdr*=1.0,TOKEN_deaths_per_year=1.0,TOKEN_imr*=1.0,TOKEN_live_births_per_year=1.0,TOKEN_natural_change_per_year=1.0,TOKEN_nc*=1.0,TOKEN_period=1.0,TOKEN_tfr*=1.0
TOKEN_cbr_(rural)=1.0,TOKEN_cbr_(total)=1.0,TOKEN_cbr_(urban)=1.0,TOKEN_tfr_(rural)=1.0,TOKEN_tfr_(total)=1.0,TOKEN_tfr_(urban)=1.0,TOKEN_year=1.0
TOKEN_cbr*=1.0,TOKEN_cdr*=1.0,TOKEN_deaths_per_year=1.0,TOKEN_imr*=1.0,TOKEN_live_births_per_year=1.0,TOKEN_natural_change_per_year=1.0,TOKEN_nc*=1.0,TOKEN_period=1.0,TOKEN_tfr*=1.0
TOKEN_cbr_(rural)=1.0,TOKEN_cbr_(total)=1.0,TOKEN_cbr_(urban)=1.0,TOKEN_tfr_(rural)=1.0,TOKEN_tfr_(total)=1.0,TOKEN_tfr_(urban)=1.0,TOKEN_year=1.0
TOKEN_=1.0,TOKEN_back=1.0,TOKEN_central=1.0,TOKEN_front=1.0
TOKEN_=1.0,TOKEN_alveolar=1.0,TOKEN_dental=1.0,TOKEN_labial=1.0,TOKEN_palatal=1.0,TOKEN_velar=1.0
TOKEN_academia_de_l'aragonés=1.0,TOKEN_grafía_de_uesca_(1987)=1.0,TOKEN_grafía_sla=1.0,TOKEN_phonemes=1.0
TOKEN_=1.0,TOKEN_feminine=1.0,TOKEN_masculine=1.0
TOKEN_=1.0,TOKEN_feminine=1.0,TOKEN_masculine=1.0
TOKEN_name=1.0,TOKEN_nationality=1.0,TOKEN_years=1.0
TOKEN_name=1.0,TOKEN_nationality=1.0,TOKEN_years=1.0
TOKEN_name=1.0,TOKEN_nationality=1.0,TOKEN_years=1.0
TOKEN_coefficient=1.0,TOKEN_rank=1.0,TOKEN_team=1.0
