C1_ratio_anchor=0.75,C1_ratio_images=0.0,C1_ratio_is_number=0.0,C2_ratio_anchor=0.75,C2_ratio_images=0.0,C2_ratio_is_number=0.0,C3_ratio_anchor=0.5,C3_ratio_images=0.0,C3_ratio_is_number=0.0,C4_ratio_anchor=1.0,C4_ratio_images=0.0,C4_ratio_is_number=0.0,COL_NUM=128.0,TOKEN_=32.0,TOKEN_back=32.0,TOKEN_central=32.0,TOKEN_front=32.0
C1_ratio_anchor=0.9231,C1_ratio_images=0.0,C1_ratio_is_number=0.0,C2_ratio_anchor=0.9231,C2_ratio_images=0.0,C2_ratio_is_number=0.0,C3_ratio_anchor=0.6154,C3_ratio_images=0.0,C3_ratio_is_number=0.0,C4_ratio_anchor=1.0,C4_ratio_images=0.0,C4_ratio_is_number=0.0,C5_ratio_anchor=0.4615,C5_ratio_images=0.0,C5_ratio_is_number=0.0,C6_ratio_anchor=0.1538,C6_ratio_images=0.0,C6_ratio_is_number=0.0,C7_ratio_anchor=0.4615,C7_ratio_images=0.0,C7_ratio_is_number=0.0,C8_ratio_anchor=0.2308,C8_ratio_images=0.0,C8_ratio_is_number=0.0,C9_ratio_anchor=0.1538,C9_ratio_images=0.0,C9_ratio_is_number=0.0,COL_NUM=288.0,TOKEN_=32.0,TOKEN_dental_/_alveolar=32.0,TOKEN_glottal=32.0,TOKEN_labials=32.0,TOKEN_palatal=32.0,TOKEN_post-_alveolar=32.0,TOKEN_uvular=32.0,TOKEN_velar=32.0
C1_ratio_anchor=0.0,C1_ratio_images=0.0,C1_ratio_is_number=0.0,C2_ratio_anchor=0.0,C2_ratio_images=0.0,C2_ratio_is_number=0.0,C3_ratio_anchor=0.0,C3_ratio_images=0.0,C3_ratio_is_number=0.0,COL_NUM=96.0,TOKEN_case_(holov)=32.0,TOKEN_plural=32.0,TOKEN_singular=32.0
C1_ratio_anchor=0.0,C1_ratio_images=0.0,C1_ratio_is_number=0.0,C2_ratio_anchor=0.0,C2_ratio_images=0.0,C2_ratio_is_number=0.0,C3_ratio_anchor=0.0,C3_ratio_images=0.0,C3_ratio_is_number=0.0,COL_NUM=96.0,TOKEN_case_(holov)=32.0,TOKEN_plural=32.0,TOKEN_singular=32.0
C1_ratio_anchor=0.0,C1_ratio_images=0.0,C1_ratio_is_number=0.0,C2_ratio_anchor=0.0,C2_ratio_images=0.0,C2_ratio_is_number=0.0,C3_ratio_anchor=0.0,C3_ratio_images=0.0,C3_ratio_is_number=0.0,COL_NUM=96.0,TOKEN_case_(holov)=32.0,TOKEN_plural=32.0,TOKEN_singular=32.0
C1_ratio_anchor=0.0,C1_ratio_images=0.0,C1_ratio_is_number=0.0,C2_ratio_anchor=0.9524,C2_ratio_images=0.0,C2_ratio_is_number=0.0,C3_ratio_anchor=1.0,C3_ratio_images=0.0,C3_ratio_is_number=0.0,COL_NUM=96.0,TOKEN_eastern_armenian=32.0,TOKEN_english=32.0,TOKEN_western_armenian=32.0
C1_ratio_anchor=0.9756,C1_ratio_images=0.0,C1_ratio_is_number=0.0,C2_ratio_anchor=1.0,C2_ratio_images=0.0,C2_ratio_is_number=0.0,C3_ratio_anchor=0.1463,C3_ratio_images=0.0,C3_ratio_is_number=0.0,C4_ratio_anchor=0.0732,C4_ratio_images=0.0,C4_ratio_is_number=0.0,C5_ratio_anchor=0.0488,C5_ratio_images=0.0,C5_ratio_is_number=0.0,C6_ratio_anchor=0.0732,C6_ratio_images=0.0,C6_ratio_is_number=0.0,C7_ratio_anchor=0.0244,C7_ratio_images=0.0,C7_ratio_is_number=0.0,C8_ratio_anchor=1.0,C8_ratio_images=0.0,C8_ratio_is_number=0.0,COL_NUM=256.0,TOKEN_armenian=32.0,TOKEN_classical_and_hellenistic_greek=32.0,TOKEN_english=32.0,TOKEN_latin=32.0,TOKEN_persian=32.0,TOKEN_pie=32.0,TOKEN_russian=32.0,TOKEN_sanskrit=32.0
C1_ratio_anchor=0.75,C1_ratio_images=0.0,C1_ratio_is_number=0.0,C2_ratio_anchor=0.75,C2_ratio_images=0.5,C2_ratio_is_number=0.0,C3_ratio_anchor=0.25,C3_ratio_images=0.0,C3_ratio_is_number=0.0,C4_ratio_anchor=0.75,C4_ratio_images=0.5,C4_ratio_is_number=0.0,COL_NUM=128.0,TOKEN_=32.0,TOKEN_back=32.0,TOKEN_central=32.0,TOKEN_front=32.0
C1_ratio_anchor=0.0185,C1_ratio_images=0.0,C1_ratio_is_number=0.0,C2_ratio_anchor=0.0,C2_ratio_images=0.0,C2_ratio_is_number=0.0,C3_ratio_anchor=0.5714,C3_ratio_images=0.4286,C3_ratio_is_number=0.0,C4_ratio_anchor=1.0,C4_ratio_images=0.8571,C4_ratio_is_number=0.0,C5_ratio_anchor=1.0,C5_ratio_images=0.8571,C5_ratio_is_number=0.0,C6_ratio_anchor=0.4286,C6_ratio_images=0.2857,C6_ratio_is_number=0.0,C7_ratio_anchor=0.4286,C7_ratio_images=0.2857,C7_ratio_is_number=0.0,C8_ratio_anchor=0.4286,C8_ratio_images=0.2857,C8_ratio_is_number=0.0,COL_NUM=64.0,TOKEN_english=32.0,TOKEN_etruscan=32.0
C1_ratio_anchor=0.0,C1_ratio_images=0.0,C1_ratio_is_number=0.0,C2_ratio_anchor=0.0741,C2_ratio_images=0.0,C2_ratio_is_number=0.0,COL_NUM=64.0,TOKEN_english=32.0,TOKEN_etruscan=32.0
C1_ratio_anchor=0.8889,C1_ratio_images=0.0,C1_ratio_is_number=0.0,C2_ratio_anchor=0.0,C2_ratio_images=0.0,C2_ratio_is_number=0.0,C3_ratio_anchor=0.0,C3_ratio_images=0.0,C3_ratio_is_number=0.1111,C4_ratio_anchor=0.1111,C4_ratio_images=0.0,C4_ratio_is_number=0.8889,C5_ratio_anchor=0.0,C5_ratio_images=0.0,C5_ratio_is_number=0.0,COL_NUM=160.0,TOKEN_aircraft=32.0,TOKEN_in_service_=32.0,TOKEN_notes=32.0,TOKEN_type=32.0,TOKEN_versions=32.0
C1_ratio_anchor=0.0,C1_ratio_images=0.0,C1_ratio_is_number=0.0,C2_ratio_anchor=0.0,C2_ratio_images=0.0,C2_ratio_is_number=0.0,C3_ratio_anchor=0.0,C3_ratio_images=0.0,C3_ratio_is_number=0.0,C4_ratio_anchor=0.0,C4_ratio_images=0.0,C4_ratio_is_number=0.0,C5_ratio_anchor=0.0,C5_ratio_images=0.0,C5_ratio_is_number=0.8571,C6_ratio_anchor=0.0,C6_ratio_images=0.0,C6_ratio_is_number=0.8571,C7_ratio_anchor=0.0,C7_ratio_images=0.0,C7_ratio_is_number=0.8571,C8_ratio_anchor=0.0,C8_ratio_images=0.0,C8_ratio_is_number=0.8571,C9_ratio_anchor=0.0,C9_ratio_images=0.0,C9_ratio_is_number=0.8571,COL_NUM=288.0,TOKEN_cbr*=32.0,TOKEN_cdr*=32.0,TOKEN_deaths_per_year=32.0,TOKEN_imr*=32.0,TOKEN_live_births_per_year=32.0,TOKEN_natural_change_per_year=32.0,TOKEN_nc*=32.0,TOKEN_period=32.0,TOKEN_tfr*=32.0
C1_ratio_anchor=0.0,C1_ratio_images=0.0,C1_ratio_is_number=0.3333,C2_ratio_anchor=0.0,C2_ratio_images=0.0,C2_ratio_is_number=0.6667,C3_ratio_anchor=0.0,C3_ratio_images=0.0,C3_ratio_is_number=0.6667,C4_ratio_anchor=0.0,C4_ratio_images=0.0,C4_ratio_is_number=0.6667,C5_ratio_anchor=0.0,C5_ratio_images=0.0,C5_ratio_is_number=0.6667,C6_ratio_anchor=0.0,C6_ratio_images=0.0,C6_ratio_is_number=0.6667,C7_ratio_anchor=0.0,C7_ratio_images=0.0,C7_ratio_is_number=0.6667,COL_NUM=224.0,TOKEN_cbr_(rural)=32.0,TOKEN_cbr_(total)=32.0,TOKEN_cbr_(urban)=32.0,TOKEN_tfr_(rural)=32.0,TOKEN_tfr_(total)=32.0,TOKEN_tfr_(urban)=32.0,TOKEN_year=32.0
C1_ratio_anchor=1.0,C1_ratio_images=0.0,C1_ratio_is_number=0.0,C2_ratio_anchor=0.3333,C2_ratio_images=0.0,C2_ratio_is_number=0.0,C3_ratio_anchor=1.0,C3_ratio_images=0.0,C3_ratio_is_number=0.0,C4_ratio_anchor=0.0,C4_ratio_images=0.0,C4_ratio_is_number=0.8889,COL_NUM=128.0,TOKEN_country=32.0,TOKEN_current_mission=32.0,TOKEN_nr._of_personnel=32.0,TOKEN_organization=32.0
C1_ratio_anchor=0.0,C1_ratio_images=0.0,C1_ratio_is_number=0.0,C2_ratio_anchor=0.0,C2_ratio_images=0.0,C2_ratio_is_number=0.0,C3_ratio_anchor=0.0,C3_ratio_images=0.0,C3_ratio_is_number=0.0,C4_ratio_anchor=0.0,C4_ratio_images=0.0,C4_ratio_is_number=0.0,C5_ratio_anchor=0.0,C5_ratio_images=0.0,C5_ratio_is_number=0.8571,C6_ratio_anchor=0.0,C6_ratio_images=0.0,C6_ratio_is_number=0.8571,C7_ratio_anchor=0.0,C7_ratio_images=0.0,C7_ratio_is_number=0.8571,C8_ratio_anchor=0.0,C8_ratio_images=0.0,C8_ratio_is_number=0.8571,C9_ratio_anchor=0.0,C9_ratio_images=0.0,C9_ratio_is_number=0.8571,COL_NUM=288.0,TOKEN_cbr*=32.0,TOKEN_cdr*=32.0,TOKEN_deaths_per_year=32.0,TOKEN_imr*=32.0,TOKEN_live_births_per_year=32.0,TOKEN_natural_change_per_year=32.0,TOKEN_nc*=32.0,TOKEN_period=32.0,TOKEN_tfr*=32.0
C1_ratio_anchor=0.0,C1_ratio_images=0.0,C1_ratio_is_number=0.3333,C2_ratio_anchor=0.0,C2_ratio_images=0.0,C2_ratio_is_number=0.6667,C3_ratio_anchor=0.0,C3_ratio_images=0.0,C3_ratio_is_number=0.6667,C4_ratio_anchor=0.0,C4_ratio_images=0.0,C4_ratio_is_number=0.6667,C5_ratio_anchor=0.0,C5_ratio_images=0.0,C5_ratio_is_number=0.6667,C6_ratio_anchor=0.0,C6_ratio_images=0.0,C6_ratio_is_number=0.6667,C7_ratio_anchor=0.0,C7_ratio_images=0.0,C7_ratio_is_number=0.6667,COL_NUM=224.0,TOKEN_cbr_(rural)=32.0,TOKEN_cbr_(total)=32.0,TOKEN_cbr_(urban)=32.0,TOKEN_tfr_(rural)=32.0,TOKEN_tfr_(total)=32.0,TOKEN_tfr_(urban)=32.0,TOKEN_year=32.0
C1_ratio_anchor=0.0,C1_ratio_images=0.0,C1_ratio_is_number=0.9091,C2_ratio_anchor=0.9091,C2_ratio_images=0.0,C2_ratio_is_number=0.0,C3_ratio_anchor=0.0,C3_ratio_images=0.0,C3_ratio_is_number=0.0,C4_ratio_anchor=0.2727,C4_ratio_images=0.0,C4_ratio_is_number=0.9091,COL_NUM=128.0,TOKEN_country=32.0,TOKEN_drc_born_population=32.0,TOKEN_rank=32.0,TOKEN_region=32.0
C1_ratio_anchor=0.0,C1_ratio_images=0.0,C1_ratio_is_number=0.0,C2_ratio_anchor=0.0,C2_ratio_images=0.0,C2_ratio_is_number=0.0,C3_ratio_anchor=0.0,C3_ratio_images=0.0,C3_ratio_is_number=0.0,C4_ratio_anchor=0.0,C4_ratio_images=0.0,C4_ratio_is_number=0.0,C5_ratio_anchor=0.0,C5_ratio_images=0.0,C5_ratio_is_number=0.8571,C6_ratio_anchor=0.0,C6_ratio_images=0.0,C6_ratio_is_number=0.8571,C7_ratio_anchor=0.0,C7_ratio_images=0.0,C7_ratio_is_number=0.8571,C8_ratio_anchor=0.0,C8_ratio_images=0.0,C8_ratio_is_number=0.8571,C9_ratio_anchor=0.0,C9_ratio_images=0.0,C9_ratio_is_number=0.8571,COL_NUM=288.0,TOKEN_cbr*=32.0,TOKEN_cdr*=32.0,TOKEN_deaths_per_year=32.0,TOKEN_imr*=32.0,TOKEN_live_births_per_year=32.0,TOKEN_natural_change_per_year=32.0,TOKEN_nc*=32.0,TOKEN_period=32.0,TOKEN_tfr*=32.0
C1_ratio_anchor=0.0,C1_ratio_images=0.0,C1_ratio_is_number=0.8,C2_ratio_anchor=0.0,C2_ratio_images=0.0,C2_ratio_is_number=0.8,C3_ratio_anchor=0.0,C3_ratio_images=0.0,C3_ratio_is_number=0.8,C4_ratio_anchor=0.0,C4_ratio_images=0.0,C4_ratio_is_number=0.6,C5_ratio_anchor=0.0,C5_ratio_images=0.0,C5_ratio_is_number=0.8,C6_ratio_anchor=0.0,C6_ratio_images=0.0,C6_ratio_is_number=0.6,C7_ratio_anchor=0.0,C7_ratio_images=0.0,C7_ratio_is_number=0.8,COL_NUM=224.0,TOKEN_cbr_(rural)=32.0,TOKEN_cbr_(total)=32.0,TOKEN_cbr_(urban)=32.0,TOKEN_tfr_(rural)=32.0,TOKEN_tfr_(total)=32.0,TOKEN_tfr_(urban)=32.0,TOKEN_year=32.0
C1_ratio_anchor=0.0,C1_ratio_images=0.0,C1_ratio_is_number=0.9412,C2_ratio_anchor=0.9412,C2_ratio_images=0.0,C2_ratio_is_number=0.0,COL_NUM=64.0,TOKEN_winner=32.0,TOKEN_year=32.0
C1_ratio_anchor=0.0,C1_ratio_images=0.0,C1_ratio_is_number=0.9412,C2_ratio_anchor=0.9412,C2_ratio_images=0.0,C2_ratio_is_number=0.0,COL_NUM=64.0,TOKEN_winner=32.0,TOKEN_year=32.0
C1_ratio_anchor=0.0,C1_ratio_images=0.0,C1_ratio_is_number=0.9412,C2_ratio_anchor=0.9412,C2_ratio_images=0.0,C2_ratio_is_number=0.0,COL_NUM=64.0,TOKEN_winner=32.0,TOKEN_year=32.0
C1_ratio_anchor=0.9286,C1_ratio_images=0.0,C1_ratio_is_number=0.0,C2_ratio_anchor=0.2143,C2_ratio_images=0.0,C2_ratio_is_number=0.0,C3_ratio_anchor=0.9286,C3_ratio_images=0.0,C3_ratio_is_number=0.0,COL_NUM=96.0,TOKEN_name=32.0,TOKEN_period=32.0,TOKEN_trophies=32.0
C1_ratio_anchor=0.0,C1_ratio_images=0.0,C1_ratio_is_number=0.0,C2_ratio_anchor=0.0,C2_ratio_images=0.0,C2_ratio_is_number=0.0,C3_ratio_anchor=0.0,C3_ratio_images=0.0,C3_ratio_is_number=0.0,C4_ratio_anchor=0.0,C4_ratio_images=0.0,C4_ratio_is_number=0.0,C5_ratio_anchor=0.0,C5_ratio_images=0.0,C5_ratio_is_number=0.8571,C6_ratio_anchor=0.0,C6_ratio_images=0.0,C6_ratio_is_number=0.8571,C7_ratio_anchor=0.0,C7_ratio_images=0.0,C7_ratio_is_number=0.8571,C8_ratio_anchor=0.0,C8_ratio_images=0.0,C8_ratio_is_number=0.8571,C9_ratio_anchor=0.0,C9_ratio_images=0.0,C9_ratio_is_number=0.8571,COL_NUM=288.0,TOKEN_cbr*=32.0,TOKEN_cdr*=32.0,TOKEN_deaths_per_year=32.0,TOKEN_imr*=32.0,TOKEN_live_births_per_year=32.0,TOKEN_natural_change_per_year=32.0,TOKEN_nc*=32.0,TOKEN_period=32.0,TOKEN_tfr*=32.0
C1_ratio_anchor=0.0,C1_ratio_images=0.0,C1_ratio_is_number=0.6667,C2_ratio_anchor=0.0,C2_ratio_images=0.0,C2_ratio_is_number=0.3333,C3_ratio_anchor=0.0,C3_ratio_images=0.0,C3_ratio_is_number=0.6667,C4_ratio_anchor=0.0,C4_ratio_images=0.0,C4_ratio_is_number=0.3333,C5_ratio_anchor=0.0,C5_ratio_images=0.0,C5_ratio_is_number=0.6667,C6_ratio_anchor=0.0,C6_ratio_images=0.0,C6_ratio_is_number=0.3333,C7_ratio_anchor=0.0,C7_ratio_images=0.0,C7_ratio_is_number=0.6667,COL_NUM=224.0,TOKEN_cbr_(rural)=32.0,TOKEN_cbr_(total)=32.0,TOKEN_cbr_(urban)=32.0,TOKEN_tfr_(rural)=32.0,TOKEN_tfr_(total)=32.0,TOKEN_tfr_(urban)=32.0,TOKEN_year=32.0
C1_ratio_anchor=0.0,C1_ratio_images=0.0,C1_ratio_is_number=0.0,C2_ratio_anchor=0.0,C2_ratio_images=0.0,C2_ratio_is_number=0.0,C3_ratio_anchor=0.0,C3_ratio_images=0.0,C3_ratio_is_number=0.0,C4_ratio_anchor=0.0,C4_ratio_images=0.0,C4_ratio_is_number=0.0,C5_ratio_anchor=0.0,C5_ratio_images=0.0,C5_ratio_is_number=0.8571,C6_ratio_anchor=0.0,C6_ratio_images=0.0,C6_ratio_is_number=0.8571,C7_ratio_anchor=0.0,C7_ratio_images=0.0,C7_ratio_is_number=0.8571,C8_ratio_anchor=0.0,C8_ratio_images=0.0,C8_ratio_is_number=0.8571,C9_ratio_anchor=0.0,C9_ratio_images=0.0,C9_ratio_is_number=0.8571,COL_NUM=288.0,TOKEN_cbr*=32.0,TOKEN_cdr*=32.0,TOKEN_deaths_per_year=32.0,TOKEN_imr*=32.0,TOKEN_live_births_per_year=32.0,TOKEN_natural_change_per_year=32.0,TOKEN_nc*=32.0,TOKEN_period=32.0,TOKEN_tfr*=32.0
C1_ratio_anchor=0.0,C1_ratio_images=0.0,C1_ratio_is_number=0.0,C2_ratio_anchor=0.0,C2_ratio_images=0.0,C2_ratio_is_number=0.5,C3_ratio_anchor=0.0,C3_ratio_images=0.0,C3_ratio_is_number=0.5,C4_ratio_anchor=0.0,C4_ratio_images=0.0,C4_ratio_is_number=0.5,C5_ratio_anchor=0.0,C5_ratio_images=0.0,C5_ratio_is_number=0.5,C6_ratio_anchor=0.0,C6_ratio_images=0.0,C6_ratio_is_number=0.5,C7_ratio_anchor=0.0,C7_ratio_images=0.0,C7_ratio_is_number=0.5,COL_NUM=224.0,TOKEN_cbr_(rural)=32.0,TOKEN_cbr_(total)=32.0,TOKEN_cbr_(urban)=32.0,TOKEN_tfr_(rural)=32.0,TOKEN_tfr_(total)=32.0,TOKEN_tfr_(urban)=32.0,TOKEN_year=32.0
C1_ratio_anchor=0.75,C1_ratio_images=0.0,C1_ratio_is_number=0.0,C2_ratio_anchor=0.75,C2_ratio_images=0.0,C2_ratio_is_number=0.0,C3_ratio_anchor=0.5,C3_ratio_images=0.0,C3_ratio_is_number=0.0,C4_ratio_anchor=0.75,C4_ratio_images=0.0,C4_ratio_is_number=0.0,COL_NUM=128.0,TOKEN_=32.0,TOKEN_back=32.0,TOKEN_central=32.0,TOKEN_front=32.0
C1_ratio_anchor=0.8889,C1_ratio_images=0.0,C1_ratio_is_number=0.0,C2_ratio_anchor=0.8889,C2_ratio_images=0.0,C2_ratio_is_number=0.0,C3_ratio_anchor=0.5556,C3_ratio_images=0.0,C3_ratio_is_number=0.0,C4_ratio_anchor=0.4444,C4_ratio_images=0.0,C4_ratio_is_number=0.0,C5_ratio_anchor=0.6667,C5_ratio_images=0.0,C5_ratio_is_number=0.0,C6_ratio_anchor=0.6667,C6_ratio_images=0.0,C6_ratio_is_number=0.0,C7_ratio_anchor=0.4444,C7_ratio_images=0.0,C7_ratio_is_number=0.0,COL_NUM=224.0,TOKEN_=32.0,TOKEN_alveolar=32.0,TOKEN_dental=32.0,TOKEN_labial=32.0,TOKEN_palatal=32.0,TOKEN_velar=32.0
C1_ratio_anchor=0.871,C1_ratio_images=0.0,C1_ratio_is_number=0.0,C2_ratio_anchor=0.0323,C2_ratio_images=0.0,C2_ratio_is_number=0.0,C3_ratio_anchor=0.0,C3_ratio_images=0.0,C3_ratio_is_number=0.0,C4_ratio_anchor=0.0,C4_ratio_images=0.0,C4_ratio_is_number=0.0,COL_NUM=128.0,TOKEN_academia_de_l'aragonés=32.0,TOKEN_grafía_de_uesca_(1987)=32.0,TOKEN_grafía_sla=32.0,TOKEN_phonemes=32.0
C1_ratio_anchor=0.0,C1_ratio_images=0.0,C1_ratio_is_number=0.0,C2_ratio_anchor=0.0,C2_ratio_images=0.0,C2_ratio_is_number=0.0,C3_ratio_anchor=0.0,C3_ratio_images=0.0,C3_ratio_is_number=0.0,COL_NUM=96.0,TOKEN_=32.0,TOKEN_feminine=32.0,TOKEN_masculine=32.0
C1_ratio_anchor=0.0,C1_ratio_images=0.0,C1_ratio_is_number=0.0,C2_ratio_anchor=0.0,C2_ratio_images=0.0,C2_ratio_is_number=0.0,C3_ratio_anchor=0.0,C3_ratio_images=0.0,C3_ratio_is_number=0.0,COL_NUM=96.0,TOKEN_=32.0,TOKEN_feminine=32.0,TOKEN_masculine=32.0
C1_ratio_anchor=0.8696,C1_ratio_images=0.0,C1_ratio_is_number=0.0,C2_ratio_anchor=0.9565,C2_ratio_images=0.0,C2_ratio_is_number=0.0,C3_ratio_anchor=0.0,C3_ratio_images=0.0,C3_ratio_is_number=0.2609,COL_NUM=96.0,TOKEN_name=32.0,TOKEN_nationality=32.0,TOKEN_years=32.0
C1_ratio_anchor=0.9583,C1_ratio_images=0.0,C1_ratio_is_number=0.0,C2_ratio_anchor=0.9583,C2_ratio_images=0.0,C2_ratio_is_number=0.0,C3_ratio_anchor=0.0,C3_ratio_images=0.0,C3_ratio_is_number=0.1667,COL_NUM=96.0,TOKEN_name=32.0,TOKEN_nationality=32.0,TOKEN_years=32.0
C1_ratio_anchor=0.9524,C1_ratio_images=0.0,C1_ratio_is_number=0.0,C2_ratio_anchor=0.9524,C2_ratio_images=0.0,C2_ratio_is_number=0.0,C3_ratio_anchor=0.0,C3_ratio_images=0.0,C3_ratio_is_number=0.0476,COL_NUM=96.0,TOKEN_name=32.0,TOKEN_nationality=32.0,TOKEN_years=32.0
C1_ratio_anchor=0.0,C1_ratio_images=0.0,C1_ratio_is_number=0.875,C2_ratio_anchor=0.875,C2_ratio_images=0.0,C2_ratio_is_number=0.0,C3_ratio_anchor=0.0,C3_ratio_images=0.0,C3_ratio_is_number=0.875,COL_NUM=96.0,TOKEN_coefficient=32.0,TOKEN_rank=32.0,TOKEN_team=32.0
