C1_ratio_anchor=0.75,C1_ratio_images=0.0,C1_ratio_is_number=0.0,C2_ratio_anchor=0.75,C2_ratio_images=0.0,C2_ratio_is_number=0.0,C3_ratio_anchor=0.5,C3_ratio_images=0.0,C3_ratio_is_number=0.0,C4_ratio_anchor=1.0,C4_ratio_images=0.0,C4_ratio_is_number=0.0,COL_NUM=64.0,TOKEN_=16.0,TOKEN_back=16.0,TOKEN_central=16.0,TOKEN_front=16.0
C1_ratio_anchor=0.9231,C1_ratio_images=0.0,C1_ratio_is_number=0.0,C2_ratio_anchor=0.9231,C2_ratio_images=0.0,C2_ratio_is_number=0.0,C3_ratio_anchor=0.6154,C3_ratio_images=0.0,C3_ratio_is_number=0.0,C4_ratio_anchor=1.0,C4_ratio_images=0.0,C4_ratio_is_number=0.0,C5_ratio_anchor=0.4615,C5_ratio_images=0.0,C5_ratio_is_number=0.0,C6_ratio_anchor=0.1538,C6_ratio_images=0.0,C6_ratio_is_number=0.0,C7_ratio_anchor=0.4615,C7_ratio_images=0.0,C7_ratio_is_number=0.0,C8_ratio_anchor=0.2308,C8_ratio_images=0.0,C8_ratio_is_number=0.0,C9_ratio_anchor=0.1538,C9_ratio_images=0.0,C9_ratio_is_number=0.0,COL_NUM=144.0,TOKEN_=16.0,TOKEN_dental_/_alveolar=16.0,TOKEN_glottal=16.0,TOKEN_labials=16.0,TOKEN_palatal=16.0,TOKEN_post-_alveolar=16.0,TOKEN_uvular=16.0,TOKEN_velar=16.0
C1_ratio_anchor=0.0,C1_ratio_images=0.0,C1_ratio_is_number=0.0,C2_ratio_anchor=0.0,C2_ratio_images=0.0,C2_ratio_is_number=0.0,C3_ratio_anchor=0.0,C3_ratio_images=0.0,C3_ratio_is_number=0.0,COL_NUM=48.0,TOKEN_case_(holov)=16.0,TOKEN_plural=16.0,TOKEN_singular=16.0
C1_ratio_anchor=0.0,C1_ratio_images=0.0,C1_ratio_is_number=0.0,C2_ratio_anchor=0.0,C2_ratio_images=0.0,C2_ratio_is_number=0.0,C3_ratio_anchor=0.0,C3_ratio_images=0.0,C3_ratio_is_number=0.0,COL_NUM=48.0,TOKEN_case_(holov)=16.0,TOKEN_plural=16.0,TOKEN_singular=16.0
C1_ratio_anchor=0.0,C1_ratio_images=0.0,C1_ratio_is_number=0.0,C2_ratio_anchor=0.0,C2_ratio_images=0.0,C2_ratio_is_number=0.0,C3_ratio_anchor=0.0,C3_ratio_images=0.0,C3_ratio_is_number=0.0,COL_NUM=48.0,TOKEN_case_(holov)=16.0,TOKEN_plural=16.0,TOKEN_singular=16.0
C1_ratio_anchor=0.0,C1_ratio_images=0.0,C1_ratio_is_number=0.0,C2_ratio_anchor=0.9524,C2_ratio_images=0.0,C2_ratio_is_number=0.0,C3_ratio_anchor=1.0,C3_ratio_images=0.0,C3_ratio_is_number=0.0,COL_NUM=48.0,TOKEN_eastern_armenian=16.0,TOKEN_english=16.0,TOKEN_western_armenian=16.0
C1_ratio_anchor=0.9756,C1_ratio_images=0.0,C1_ratio_is_number=0.0,C2_ratio_anchor=1.0,C2_ratio_images=0.0,C2_ratio_is_number=0.0,C3_ratio_anchor=0.1463,C3_ratio_images=0.0,C3_ratio_is_number=0.0,C4_ratio_anchor=0.0732,C4_ratio_images=0.0,C4_ratio_is_number=0.0,C5_ratio_anchor=0.0488,C5_ratio_images=0.0,C5_ratio_is_number=0.0,C6_ratio_anchor=0.0732,C6_ratio_images=0.0,C6_ratio_is_number=0.0,C7_ratio_anchor=0.0244,C7_ratio_images=0.0,C7_ratio_is_number=0.0,C8_ratio_anchor=1.0,C8_ratio_images=0.0,C8_ratio_is_number=0.0,COL_NUM=128.0,TOKEN_armenian=16.0,TOKEN_classical_and_hellenistic_greek=16.0,TOKEN_english=16.0,TOKEN_latin=16.0,TOKEN_persian=16.0,TOKEN_pie=16.0,TOKEN_russian=16.0,TOKEN_sanskrit=16.0
C1_ratio_anchor=0.75,C1_ratio_images=0.0,C1_ratio_is_number=0.0,C2_ratio_anchor=0.75,C2_ratio_images=0.5,C2_ratio_is_number=0.0,C3_ratio_anchor=0.25,C3_ratio_images=0.0,C3_ratio_is_number=0.0,C4_ratio_anchor=0.75,C4_ratio_images=0.5,C4_ratio_is_number=0.0,COL_NUM=64.0,TOKEN_=16.0,TOKEN_back=16.0,TOKEN_central=16.0,TOKEN_front=16.0
C1_ratio_anchor=0.0185,C1_ratio_images=0.0,C1_ratio_is_number=0.0,C2_ratio_anchor=0.0,C2_ratio_images=0.0,C2_ratio_is_number=0.0,C3_ratio_anchor=0.5714,C3_ratio_images=0.4286,C3_ratio_is_number=0.0,C4_ratio_anchor=1.0,C4_ratio_images=0.8571,C4_ratio_is_number=0.0,C5_ratio_anchor=1.0,C5_ratio_images=0.8571,C5_ratio_is_number=0.0,C6_ratio_anchor=0.4286,C6_ratio_images=0.2857,C6_ratio_is_number=0.0,C7_ratio_anchor=0.4286,C7_ratio_images=0.2857,C7_ratio_is_number=0.0,C8_ratio_anchor=0.4286,C8_ratio_images=0.2857,C8_ratio_is_number=0.0,COL_NUM=32.0,TOKEN_english=16.0,TOKEN_etruscan=16.0
C1_ratio_anchor=0.0,C1_ratio_images=0.0,C1_ratio_is_number=0.0,C2_ratio_anchor=0.0741,C2_ratio_images=0.0,C2_ratio_is_number=0.0,COL_NUM=32.0,TOKEN_english=16.0,TOKEN_etruscan=16.0
C1_ratio_anchor=0.8889,C1_ratio_images=0.0,C1_ratio_is_number=0.0,C2_ratio_anchor=0.0,C2_ratio_images=0.0,C2_ratio_is_number=0.0,C3_ratio_anchor=0.0,C3_ratio_images=0.0,C3_ratio_is_number=0.1111,C4_ratio_anchor=0.1111,C4_ratio_images=0.0,C4_ratio_is_number=0.8889,C5_ratio_anchor=0.0,C5_ratio_images=0.0,C5_ratio_is_number=0.0,COL_NUM=80.0,TOKEN_aircraft=16.0,TOKEN_in_service_=16.0,TOKEN_notes=16.0,TOKEN_type=16.0,TOKEN_versions=16.0
C1_ratio_anchor=0.0,C1_ratio_images=0.0,C1_ratio_is_number=0.0,C2_ratio_anchor=0.0,C2_ratio_images=0.0,C2_ratio_is_number=0.0,C3_ratio_anchor=0.0,C3_ratio_images=0.0,C3_ratio_is_number=0.0,C4_ratio_anchor=0.0,C4_ratio_images=0.0,C4_ratio_is_number=0.0,C5_ratio_anchor=0.0,C5_ratio_images=0.0,C5_ratio_is_number=0.8571,C6_ratio_anchor=0.0,C6_ratio_images=0.0,C6_ratio_is_number=0.8571,C7_ratio_anchor=0.0,C7_ratio_images=0.0,C7_ratio_is_number=0.8571,C8_ratio_anchor=0.0,C8_ratio_images=0.0,C8_ratio_is_number=0.8571,C9_ratio_anchor=0.0,C9_ratio_images=0.0,C9_ratio_is_number=0.8571,COL_NUM=144.0,TOKEN_cbr*=16.0,TOKEN_cdr*=16.0,TOKEN_deaths_per_year=16.0,TOKEN_imr*=16.0,TOKEN_live_births_per_year=16.0,TOKEN_natural_change_per_year=16.0,TOKEN_nc*=16.0,TOKEN_period=16.0,TOKEN_tfr*=16.0
C1_ratio_anchor=0.0,C1_ratio_images=0.0,C1_ratio_is_number=0.3333,C2_ratio_anchor=0.0,C2_ratio_images=0.0,C2_ratio_is_number=0.6667,C3_ratio_anchor=0.0,C3_ratio_images=0.0,C3_ratio_is_number=0.6667,C4_ratio_anchor=0.0,C4_ratio_images=0.0,C4_ratio_is_number=0.6667,C5_ratio_anchor=0.0,C5_ratio_images=0.0,C5_ratio_is_number=0.6667,C6_ratio_anchor=0.0,C6_ratio_images=0.0,C6_ratio_is_number=0.6667,C7_ratio_anchor=0.0,C7_ratio_images=0.0,C7_ratio_is_number=0.6667,COL_NUM=112.0,TOKEN_cbr_(rural)=16.0,TOKEN_cbr_(total)=16.0,TOKEN_cbr_(urban)=16.0,TOKEN_tfr_(rural)=16.0,TOKEN_tfr_(total)=16.0,TOKEN_tfr_(urban)=16.0,TOKEN_year=16.0
C1_ratio_anchor=1.0,C1_ratio_images=0.0,C1_ratio_is_number=0.0,C2_ratio_anchor=0.3333,C2_ratio_images=0.0,C2_ratio_is_number=0.0,C3_ratio_anchor=1.0,C3_ratio_images=0.0,C3_ratio_is_number=0.0,C4_ratio_anchor=0.0,C4_ratio_images=0.0,C4_ratio_is_number=0.8889,COL_NUM=64.0,TOKEN_country=16.0,TOKEN_current_mission=16.0,TOKEN_nr._of_personnel=16.0,TOKEN_organization=16.0
C1_ratio_anchor=0.0,C1_ratio_images=0.0,C1_ratio_is_number=0.0,C2_ratio_anchor=0.0,C2_ratio_images=0.0,C2_ratio_is_number=0.0,C3_ratio_anchor=0.0,C3_ratio_images=0.0,C3_ratio_is_number=0.0,C4_ratio_anchor=0.0,C4_ratio_images=0.0,C4_ratio_is_number=0.0,C5_ratio_anchor=0.0,C5_ratio_images=0.0,C5_ratio_is_number=0.8571,C6_ratio_anchor=0.0,C6_ratio_images=0.0,C6_ratio_is_number=0.8571,C7_ratio_anchor=0.0,C7_ratio_images=0.0,C7_ratio_is_number=0.8571,C8_ratio_anchor=0.0,C8_ratio_images=0.0,C8_ratio_is_number=0.8571,C9_ratio_anchor=0.0,C9_ratio_images=0.0,C9_ratio_is_number=0.8571,COL_NUM=144.0,TOKEN_cbr*=16.0,TOKEN_cdr*=16.0,TOKEN_deaths_per_year=16.0,TOKEN_imr*=16.0,TOKEN_live_births_per_year=16.0,TOKEN_natural_change_per_year=16.0,TOKEN_nc*=16.0,TOKEN_period=16.0,TOKEN_tfr*=16.0
C1_ratio_anchor=0.0,C1_ratio_images=0.0,C1_ratio_is_number=0.3333,C2_ratio_anchor=0.0,C2_ratio_images=0.0,C2_ratio_is_number=0.6667,C3_ratio_anchor=0.0,C3_ratio_images=0.0,C3_ratio_is_number=0.6667,C4_ratio_anchor=0.0,C4_ratio_images=0.0,C4_ratio_is_number=0.6667,C5_ratio_anchor=0.0,C5_ratio_images=0.0,C5_ratio_is_number=0.6667,C6_ratio_anchor=0.0,C6_ratio_images=0.0,C6_ratio_is_number=0.6667,C7_ratio_anchor=0.0,C7_ratio_images=0.0,C7_ratio_is_number=0.6667,COL_NUM=112.0,TOKEN_cbr_(rural)=16.0,TOKEN_cbr_(total)=16.0,TOKEN_cbr_(urban)=16.0,TOKEN_tfr_(rural)=16.0,TOKEN_tfr_(total)=16.0,TOKEN_tfr_(urban)=16.0,TOKEN_year=16.0
C1_ratio_anchor=0.0,C1_ratio_images=0.0,C1_ratio_is_number=0.9091,C2_ratio_anchor=0.9091,C2_ratio_images=0.0,C2_ratio_is_number=0.0,C3_ratio_anchor=0.0,C3_ratio_images=0.0,C3_ratio_is_number=0.0,C4_ratio_anchor=0.2727,C4_ratio_images=0.0,C4_ratio_is_number=0.9091,COL_NUM=64.0,TOKEN_country=16.0,TOKEN_drc_born_population=16.0,TOKEN_rank=16.0,TOKEN_region=16.0
C1_ratio_anchor=0.0,C1_ratio_images=0.0,C1_ratio_is_number=0.0,C2_ratio_anchor=0.0,C2_ratio_images=0.0,C2_ratio_is_number=0.0,C3_ratio_anchor=0.0,C3_ratio_images=0.0,C3_ratio_is_number=0.0,C4_ratio_anchor=0.0,C4_ratio_images=0.0,C4_ratio_is_number=0.0,C5_ratio_anchor=0.0,C5_ratio_images=0.0,C5_ratio_is_number=0.8571,C6_ratio_anchor=0.0,C6_ratio_images=0.0,C6_ratio_is_number=0.8571,C7_ratio_anchor=0.0,C7_ratio_images=0.0,C7_ratio_is_number=0.8571,C8_ratio_anchor=0.0,C8_ratio_images=0.0,C8_ratio_is_number=0.8571,C9_ratio_anchor=0.0,C9_ratio_images=0.0,C9_ratio_is_number=0.8571,COL_NUM=144.0,TOKEN_cbr*=16.0,TOKEN_cdr*=16.0,TOKEN_deaths_per_year=16.0,TOKEN_imr*=16.0,TOKEN_live_births_per_year=16.0,TOKEN_natural_change_per_year=16.0,TOKEN_nc*=16.0,TOKEN_period=16.0,TOKEN_tfr*=16.0
C1_ratio_anchor=0.0,C1_ratio_images=0.0,C1_ratio_is_number=0.8,C2_ratio_anchor=0.0,C2_ratio_images=0.0,C2_ratio_is_number=0.8,C3_ratio_anchor=0.0,C3_ratio_images=0.0,C3_ratio_is_number=0.8,C4_ratio_anchor=0.0,C4_ratio_images=0.0,C4_ratio_is_number=0.6,C5_ratio_anchor=0.0,C5_ratio_images=0.0,C5_ratio_is_number=0.8,C6_ratio_anchor=0.0,C6_ratio_images=0.0,C6_ratio_is_number=0.6,C7_ratio_anchor=0.0,C7_ratio_images=0.0,C7_ratio_is_number=0.8,COL_NUM=112.0,TOKEN_cbr_(rural)=16.0,TOKEN_cbr_(total)=16.0,TOKEN_cbr_(urban)=16.0,TOKEN_tfr_(rural)=16.0,TOKEN_tfr_(total)=16.0,TOKEN_tfr_(urban)=16.0,TOKEN_year=16.0
C1_ratio_anchor=0.0,C1_ratio_images=0.0,C1_ratio_is_number=0.9412,C2_ratio_anchor=0.9412,C2_ratio_images=0.0,C2_ratio_is_number=0.0,COL_NUM=32.0,TOKEN_winner=16.0,TOKEN_year=16.0
C1_ratio_anchor=0.0,C1_ratio_images=0.0,C1_ratio_is_number=0.9412,C2_ratio_anchor=0.9412,C2_ratio_images=0.0,C2_ratio_is_number=0.0,COL_NUM=32.0,TOKEN_winner=16.0,TOKEN_year=16.0
C1_ratio_anchor=0.0,C1_ratio_images=0.0,C1_ratio_is_number=0.9412,C2_ratio_anchor=0.9412,C2_ratio_images=0.0,C2_ratio_is_number=0.0,COL_NUM=32.0,TOKEN_winner=16.0,TOKEN_year=16.0
C1_ratio_anchor=0.9286,C1_ratio_images=0.0,C1_ratio_is_number=0.0,C2_ratio_anchor=0.2143,C2_ratio_images=0.0,C2_ratio_is_number=0.0,C3_ratio_anchor=0.9286,C3_ratio_images=0.0,C3_ratio_is_number=0.0,COL_NUM=48.0,TOKEN_name=16.0,TOKEN_period=16.0,TOKEN_trophies=16.0
C1_ratio_anchor=0.0,C1_ratio_images=0.0,C1_ratio_is_number=0.0,C2_ratio_anchor=0.0,C2_ratio_images=0.0,C2_ratio_is_number=0.0,C3_ratio_anchor=0.0,C3_ratio_images=0.0,C3_ratio_is_number=0.0,C4_ratio_anchor=0.0,C4_ratio_images=0.0,C4_ratio_is_number=0.0,C5_ratio_anchor=0.0,C5_ratio_images=0.0,C5_ratio_is_number=0.8571,C6_ratio_anchor=0.0,C6_ratio_images=0.0,C6_ratio_is_number=0.8571,C7_ratio_anchor=0.0,C7_ratio_images=0.0,C7_ratio_is_number=0.8571,C8_ratio_anchor=0.0,C8_ratio_images=0.0,C8_ratio_is_number=0.8571,C9_ratio_anchor=0.0,C9_ratio_images=0.0,C9_ratio_is_number=0.8571,COL_NUM=144.0,TOKEN_cbr*=16.0,TOKEN_cdr*=16.0,TOKEN_deaths_per_year=16.0,TOKEN_imr*=16.0,TOKEN_live_births_per_year=16.0,TOKEN_natural_change_per_year=16.0,TOKEN_nc*=16.0,TOKEN_period=16.0,TOKEN_tfr*=16.0
C1_ratio_anchor=0.0,C1_ratio_images=0.0,C1_ratio_is_number=0.6667,C2_ratio_anchor=0.0,C2_ratio_images=0.0,C2_ratio_is_number=0.3333,C3_ratio_anchor=0.0,C3_ratio_images=0.0,C3_ratio_is_number=0.6667,C4_ratio_anchor=0.0,C4_ratio_images=0.0,C4_ratio_is_number=0.3333,C5_ratio_anchor=0.0,C5_ratio_images=0.0,C5_ratio_is_number=0.6667,C6_ratio_anchor=0.0,C6_ratio_images=0.0,C6_ratio_is_number=0.3333,C7_ratio_anchor=0.0,C7_ratio_images=0.0,C7_ratio_is_number=0.6667,COL_NUM=112.0,TOKEN_cbr_(rural)=16.0,TOKEN_cbr_(total)=16.0,TOKEN_cbr_(urban)=16.0,TOKEN_tfr_(rural)=16.0,TOKEN_tfr_(total)=16.0,TOKEN_tfr_(urban)=16.0,TOKEN_year=16.0
C1_ratio_anchor=0.0,C1_ratio_images=0.0,C1_ratio_is_number=0.0,C2_ratio_anchor=0.0,C2_ratio_images=0.0,C2_ratio_is_number=0.0,C3_ratio_anchor=0.0,C3_ratio_images=0.0,C3_ratio_is_number=0.0,C4_ratio_anchor=0.0,C4_ratio_images=0.0,C4_ratio_is_number=0.0,C5_ratio_anchor=0.0,C5_ratio_images=0.0,C5_ratio_is_number=0.8571,C6_ratio_anchor=0.0,C6_ratio_images=0.0,C6_ratio_is_number=0.8571,C7_ratio_anchor=0.0,C7_ratio_images=0.0,C7_ratio_is_number=0.8571,C8_ratio_anchor=0.0,C8_ratio_images=0.0,C8_ratio_is_number=0.8571,C9_ratio_anchor=0.0,C9_ratio_images=0.0,C9_ratio_is_number=0.8571,COL_NUM=144.0,TOKEN_cbr*=16.0,TOKEN_cdr*=16.0,TOKEN_deaths_per_year=16.0,TOKEN_imr*=16.0,TOKEN_live_births_per_year=16.0,TOKEN_natural_change_per_year=16.0,TOKEN_nc*=16.0,TOKEN_period=16.0,TOKEN_tfr*=16.0
C1_ratio_anchor=0.0,C1_ratio_images=0.0,C1_ratio_is_number=0.0,C2_ratio_anchor=0.0,C2_ratio_images=0.0,C2_ratio_is_number=0.5,C3_ratio_anchor=0.0,C3_ratio_images=0.0,C3_ratio_is_number=0.5,C4_ratio_anchor=0.0,C4_ratio_images=0.0,C4_ratio_is_number=0.5,C5_ratio_anchor=0.0,C5_ratio_images=0.0,C5_ratio_is_number=0.5,C6_ratio_anchor=0.0,C6_ratio_images=0.0,C6_ratio_is_number=0.5,C7_ratio_anchor=0.0,C7_ratio_images=0.0,C7_ratio_is_number=0.5,COL_NUM=112.0,TOKEN_cbr_(rural)=16.0,TOKEN_cbr_(total)=16.0,TOKEN_cbr_(urban)=16.0,TOKEN_tfr_(rural)=16.0,TOKEN_tfr_(total)=16.0,TOKEN_tfr_(urban)=16.0,TOKEN_year=16.0
C1_ratio_anchor=0.75,C1_ratio_images=0.0,C1_ratio_is_number=0.0,C2_ratio_anchor=0.75,C2_ratio_images=0.0,C2_ratio_is_number=0.0,C3_ratio_anchor=0.5,C3_ratio_images=0.0,C3_ratio_is_number=0.0,C4_ratio_anchor=0.75,C4_ratio_images=0.0,C4_ratio_is_number=0.0,COL_NUM=64.0,TOKEN_=16.0,TOKEN_back=16.0,TOKEN_central=16.0,TOKEN_front=16.0
C1_ratio_anchor=0.8889,C1_ratio_images=0.0,C1_ratio_is_number=0.0,C2_ratio_anchor=0.8889,C2_ratio_images=0.0,C2_ratio_is_number=0.0,C3_ratio_anchor=0.5556,C3_ratio_images=0.0,C3_ratio_is_number=0.0,C4_ratio_anchor=0.4444,C4_ratio_images=0.0,C4_ratio_is_number=0.0,C5_ratio_anchor=0.6667,C5_ratio_images=0.0,C5_ratio_is_number=0.0,C6_ratio_anchor=0.6667,C6_ratio_images=0.0,C6_ratio_is_number=0.0,C7_ratio_anchor=0.4444,C7_ratio_images=0.0,C7_ratio_is_number=0.0,COL_NUM=112.0,TOKEN_=16.0,TOKEN_alveolar=16.0,TOKEN_dental=16.0,TOKEN_labial=16.0,TOKEN_palatal=16.0,TOKEN_velar=16.0
C1_ratio_anchor=0.871,C1_ratio_images=0.0,C1_ratio_is_number=0.0,C2_ratio_anchor=0.0323,C2_ratio_images=0.0,C2_ratio_is_number=0.0,C3_ratio_anchor=0.0,C3_ratio_images=0.0,C3_ratio_is_number=0.0,C4_ratio_anchor=0.0,C4_ratio_images=0.0,C4_ratio_is_number=0.0,COL_NUM=64.0,TOKEN_academia_de_l'aragonés=16.0,TOKEN_grafía_de_uesca_(1987)=16.0,TOKEN_grafía_sla=16.0,TOKEN_phonemes=16.0
C1_ratio_anchor=0.0,C1_ratio_images=0.0,C1_ratio_is_number=0.0,C2_ratio_anchor=0.0,C2_ratio_images=0.0,C2_ratio_is_number=0.0,C3_ratio_anchor=0.0,C3_ratio_images=0.0,C3_ratio_is_number=0.0,COL_NUM=48.0,TOKEN_=16.0,TOKEN_feminine=16.0,TOKEN_masculine=16.0
C1_ratio_anchor=0.0,C1_ratio_images=0.0,C1_ratio_is_number=0.0,C2_ratio_anchor=0.0,C2_ratio_images=0.0,C2_ratio_is_number=0.0,C3_ratio_anchor=0.0,C3_ratio_images=0.0,C3_ratio_is_number=0.0,COL_NUM=48.0,TOKEN_=16.0,TOKEN_feminine=16.0,TOKEN_masculine=16.0
C1_ratio_anchor=0.8696,C1_ratio_images=0.0,C1_ratio_is_number=0.0,C2_ratio_anchor=0.9565,C2_ratio_images=0.0,C2_ratio_is_number=0.0,C3_ratio_anchor=0.0,C3_ratio_images=0.0,C3_ratio_is_number=0.2609,COL_NUM=48.0,TOKEN_name=16.0,TOKEN_nationality=16.0,TOKEN_years=16.0
C1_ratio_anchor=0.9583,C1_ratio_images=0.0,C1_ratio_is_number=0.0,C2_ratio_anchor=0.9583,C2_ratio_images=0.0,C2_ratio_is_number=0.0,C3_ratio_anchor=0.0,C3_ratio_images=0.0,C3_ratio_is_number=0.1667,COL_NUM=48.0,TOKEN_name=16.0,TOKEN_nationality=16.0,TOKEN_years=16.0
C1_ratio_anchor=0.9524,C1_ratio_images=0.0,C1_ratio_is_number=0.0,C2_ratio_anchor=0.9524,C2_ratio_images=0.0,C2_ratio_is_number=0.0,C3_ratio_anchor=0.0,C3_ratio_images=0.0,C3_ratio_is_number=0.0476,COL_NUM=48.0,TOKEN_name=16.0,TOKEN_nationality=16.0,TOKEN_years=16.0
C1_ratio_anchor=0.0,C1_ratio_images=0.0,C1_ratio_is_number=0.875,C2_ratio_anchor=0.875,C2_ratio_images=0.0,C2_ratio_is_number=0.0,C3_ratio_anchor=0.0,C3_ratio_images=0.0,C3_ratio_is_number=0.875,COL_NUM=48.0,TOKEN_coefficient=16.0,TOKEN_rank=16.0,TOKEN_team=16.0
