vector-file,cluster-number,time,inertia,silhouette
vectors-ground-ALL-TOK=1-COL=1,2,0.0260000228882,205.050520588,0.479888484879
vectors-ground-ALL-TOK=1-COL=1,3,0.029000043869,150.230204067,0.518968566203
vectors-ground-ALL-TOK=1-COL=1,4,0.0419998168945,119.733428592,0.555404913094
vectors-ground-ALL-TOK=1-COL=1,5,0.048999786377,99.718959916,0.402395165386
vectors-ground-ALL-TOK=1-COL=1,6,0.0650000572205,89.3200045025,0.394439293821
vectors-ground-ALL-TOK=1-COL=1,7,0.0780000686646,78.6768424928,0.404520569397
vectors-ground-ALL-TOK=1-COL=1,8,0.0859999656677,68.3233451523,0.439018115529
vectors-ground-ALL-TOK=1-COL=1,9,0.107000112534,56.289922741,0.483145796645
vectors-ground-ALL-TOK=1-COL=1,10,0.108999967575,48.8396596183,0.505590162252
vectors-ground-ALL-TOK=1-COL=1,11,0.120000123978,41.3752172153,0.507018958466
vectors-ground-ALL-TOK=1-COL=1,12,0.132999897003,33.4941873587,0.60342633849
vectors-ground-ALL-TOK=1-COL=1,13,0.144000053406,26.4953646303,0.615772757824
vectors-ground-ALL-TOK=1-COL=1,14,0.160000085831,20.8234915487,0.615289532237
vectors-ground-ALL-TOK=1-COL=1,15,0.167000055313,17.1212019937,0.591804766131
vectors-ground-ALL-TOK=1-COL=1,16,0.18499994278,11.5678641387,0.618920587347
vectors-ground-ALL-TOK=1-COL=1,17,0.196000099182,7.73347477867,0.618128789794
vectors-ground-ALL-TOK=1-COL=1,18,0.21599984169,3.655638327,0.634892455685
vectors-ground-ALL-TOK=1-COL=1,19,0.207000017166,1.265019752,0.624582769687
vectors-ground-ALL-TOK=1-COL=1,20,0.233999967575,0.845242115,0.551208973641
vectors-ground-ALL-TOK=1-COL=1,21,0.249000072479,0.538027305833,0.50518688124
vectors-ground-ALL-TOK=1-COL=1,22,0.295000076294,0.244254333333,0.514046820141
vectors-ground-ALL-TOK=1-COL=1,23,0.289999961853,0.0590395133333,0.531827287695
vectors-ground-ALL-TOK=1-COL=1,24,0.276000022888,0.0277895133333,0.49431509601
vectors-ground-ALL-TOK=1-COL=1,25,0.299000024796,0.007127215,0.43210084239
vectors-ground-NOLEX-TOK=1-COL=1,2,0.0220000743866,195.848214286,0.452546414412
vectors-ground-NOLEX-TOK=1-COL=1,3,0.039999961853,150.472222222,0.427887020684
vectors-ground-NOLEX-TOK=1-COL=1,4,0.0450000762939,117.095238095,0.37177396394
vectors-ground-NOLEX-TOK=1-COL=1,5,0.0520000457764,94.1785714286,0.430496860695
vectors-ground-NOLEX-TOK=1-COL=1,6,0.0649998188019,82.1590909091,0.459330720375
vectors-ground-NOLEX-TOK=1-COL=1,7,0.0889999866486,73.1924242424,0.460766620076
vectors-ground-NOLEX-TOK=1-COL=1,8,0.103000164032,68.9785714286,0.468083622398
vectors-ground-NOLEX-TOK=1-COL=1,9,0.105999946594,56.9590909091,0.527327535769
vectors-ground-NOLEX-TOK=1-COL=1,10,0.105999946594,51.5281385281,0.576960411178
vectors-ground-NOLEX-TOK=1-COL=1,11,0.207000017166,45.7424242424,0.618244424381
vectors-ground-NOLEX-TOK=1-COL=1,12,0.168999910355,38.7757575758,0.619662578744
vectors-ground-NOLEX-TOK=1-COL=1,13,0.206000089645,32.5666666667,0.625202819706
vectors-ground-NOLEX-TOK=1-COL=1,14,0.156999826431,28.5666666667,0.619732492944
vectors-ground-NOLEX-TOK=1-COL=1,15,0.172000169754,23.1111111111,0.639209160407
vectors-ground-NOLEX-TOK=1-COL=1,16,0.184000015259,19.6666666667,0.64823415882
vectors-ground-NOLEX-TOK=1-COL=1,17,0.206999778748,15.2916666667,0.645223810489
vectors-ground-NOLEX-TOK=1-COL=1,18,0.215000152588,10.8095238095,0.661801596736
vectors-ground-NOLEX-TOK=1-COL=1,19,0.223999977112,6.5,0.674887462983
vectors-ground-NOLEX-TOK=1-COL=1,20,0.236000061035,3.5,0.689273671207
vectors-ground-NOLEX-TOK=1-COL=1,21,0.240999937057,0.833333333333,0.707830411683
vectors-ground-NOLEX-TOK=1-COL=1,22,0.243999958038,0.0,0.704545454545
vectors-ground-NOLEX-TOK=1-COL=1,23,0.259999990463,0.0,0.704545454545
vectors-ground-NOLEX-TOK=1-COL=1,24,0.27999997139,0.0,0.704545454545
vectors-ground-NOLEX-TOK=1-COL=1,25,0.302000045776,0.0,0.704545454545
vectors-ground-ONLY-TOK=1,2,0.0239999294281,120.84375,0.357274936454
vectors-ground-ONLY-TOK=1,3,0.0369999408722,90.8148148148,0.420630790566
vectors-ground-ONLY-TOK=1,4,0.0480000972748,78.3142857143,0.3860323961
vectors-ground-ONLY-TOK=1,5,0.0629999637604,69.5966386555,0.406739200936
vectors-ground-ONLY-TOK=1,6,0.0720000267029,61.1758241758,0.464546298554
vectors-ground-ONLY-TOK=1,7,0.0720000267029,53.4615384615,0.516723621155
vectors-ground-ONLY-TOK=1,8,0.0880000591278,46.0833333333,0.526334893072
vectors-ground-ONLY-TOK=1,9,0.0999999046326,38.75,0.537518268748
vectors-ground-ONLY-TOK=1,10,0.105000019073,33.0,0.580909612163
vectors-ground-ONLY-TOK=1,11,0.115999937057,27.8571428571,0.61615234249
vectors-ground-ONLY-TOK=1,12,0.12299990654,23.1,0.636336028168
vectors-ground-ONLY-TOK=1,13,0.150000095367,18.3333333333,0.642464187131
vectors-ground-ONLY-TOK=1,14,0.261999845505,13.75,0.660648873346
vectors-ground-ONLY-TOK=1,15,0.172999858856,9.5,0.679298628478
vectors-ground-ONLY-TOK=1,16,0.181999921799,6.5,0.700619017181
vectors-ground-ONLY-TOK=1,17,0.193000078201,4.0,0.698264177429
vectors-ground-ONLY-TOK=1,18,0.210999965668,2.0,0.685388592621
vectors-ground-ONLY-TOK=1,19,0.198000192642,0.0,0.702702702703
vectors-ground-ONLY-TOK=1,20,0.224999904633,0.0,0.702702702703
vectors-ground-ONLY-TOK=1,21,0.234999895096,0.0,0.702702702703
vectors-ground-ONLY-TOK=1,22,0.242000102997,0.0,0.702702702703
vectors-ground-ONLY-TOK=1,23,0.253000020981,0.0,0.702702702703
vectors-ground-ONLY-TOK=1,24,0.269000053406,0.0,0.702702702703
vectors-ground-ONLY-TOK=1,25,0.263999938965,0.0,0.702702702703
vectors-ground-ONLY-LEX,2,0.0340001583099,36.6815621525,0.375843474178
vectors-ground-ONLY-LEX,3,0.0420000553131,29.3938254585,0.43030427966
vectors-ground-ONLY-LEX,4,0.055999994278,22.4214024889,0.413435182793
vectors-ground-ONLY-LEX,5,0.066999912262,16.9425771685,0.495028220969
vectors-ground-ONLY-LEX,6,0.0780000686646,12.6749016968,0.506585855996
vectors-ground-ONLY-LEX,7,0.12299990654,10.3130949377,0.519954697549
vectors-ground-ONLY-LEX,8,0.095999956131,8.12565720467,0.550422794088
vectors-ground-ONLY-LEX,9,0.100000143051,6.66349167062,0.560886837417
vectors-ground-ONLY-LEX,10,0.106999874115,5.63141697433,0.573952564236
vectors-ground-ONLY-LEX,11,0.118000030518,4.81447000695,0.559796396084
vectors-ground-ONLY-LEX,12,0.269999980927,3.95703831433,0.576389644207
vectors-ground-ONLY-LEX,13,0.209000110626,3.25674057129,0.564934874026
vectors-ground-ONLY-LEX,14,0.192000150681,2.59445474,0.549717325826
vectors-ground-ONLY-LEX,15,0.181999921799,2.025343302,0.589545620667
vectors-ground-ONLY-LEX,16,0.177999973297,1.618093237,0.583830438488
vectors-ground-ONLY-LEX,17,0.19100022316,1.1983156,0.545782126139
vectors-ground-ONLY-LEX,18,0.238999843597,0.812898933333,0.543725495041
vectors-ground-ONLY-LEX,19,0.325999975204,0.464401123333,0.537251615478
vectors-ground-ONLY-LEX,20,0.250999927521,0.248830008333,0.528537463989
vectors-ground-ONLY-LEX,21,0.235000133514,0.0636151883333,0.546317931544
vectors-ground-ONLY-LEX,22,0.246000051498,0.0323651883333,0.508988470713
vectors-ground-ONLY-LEX,23,0.266000032425,0.01170289,0.455156591925
vectors-ground-ONLY-LEX,24,0.269999980927,0.004575675,0.439722416202
vectors-ground-ONLY-LEX,25,0.276999950409,0.0,0.416666666667
