1	2	3	4	5	6	7	8	9	10	11	12	13	14	15	16	17	18	19	20	21	22	23	24	25	26	27	28	29	30	31	32	33	34	35	36	37	38	39	40	41	42	43	44	45	46	47	48	49	50	51	52	53	54	55	56	57	58	59	60	61	62	63	VALIDATION	ORIGIN	CLUSTER	TABLE	CELL	NAME_COL1	NAME_COL2	ENTITY_COL1	PREDICATE	ENTITY_COL2		
0	5	15	4	3.75	90	3	2	15	15	1.0	15	4	3.75	15	15	0.00557942169595321	5.4604708000450296e-06	0.0031061523303148077	0.0017579533195307303	1	1	1.0	23	10	0	0	0.16	0.25	0.25	9	0.6	9	0.6	9	0.6	1	0	1	1	0	0	1	1	0	0	58817	6	1	49405	605093	406086	80362	21	605095	97620	293154	58841	293146	549029	0.6027555828723622	0.533935365891419	0.4844759913732554	1	f	2	950245.5	2:3:2	player@3	posit@3	https://en.wikipedia.org/wiki/Len_Wills :Q6522033	P413 :position played on team / speciality@en	https://en.wikipedia.org/wiki/Defender_(association_football) :Q336286	0	0
0	122	12	4	3.0	84	3	2	16	12	1.3333333333333333	15	4	3.75	16	15	0.00557942169595321	5.4604708000450296e-06	0.0031061523303148077	0.0017579533195307303	1	1	1.0	96	10	1	0	0.16	0.25	0.25	3	0.25	4	0.25	4	0.26666666666666666	1	0	0	1	22	0	1	1	0	0	58817	6	0	49405	605093	406086	80362	21	605095	97620	293154	58841	293146	549029	0.6027555828723622	0.533935365891419	0.4844759913732554	0	f	2	1017890122	2:3:2	player@3	posit@3	https://en.wikipedia.org/wiki/FC_Hoverla_Uzhhorod :Q735624	P413 :position played on team / speciality@en	https://en.wikipedia.org/wiki/Defender_(association_football) :Q336286	0	0
0	1	45	4	11.25	37	-1	1	34	34	1.0	1	34	0.029411764705882353	34	34	0.002894945041235073	0.0035748610233734797	0.011541225455364158	0.3097470920396887	1	1	1.0	0	17	0	1	0.0	0.0	0.0	18	0.4	18	0.5294117647058824	18	0.5294117647058824	1	0	1	-1	0	0	-1	1	0	0	579	514	49	0	369378	369898	15923	80041	369879	363350	104482	103771	104357	503325	0.2855951561854961	0.207335220781801	0.2824761611229618	1	f	6	70892.1	44:-1:1	protag_article@3	titl@3	https://en.wikipedia.org/wiki/Elisabeth_Moss :Q233466	P161-1 :cast member@en	https://en.wikipedia.org/wiki/The_Kitchen_(2019_film) :Q55642298	0	1
0	3	322	4	80.5	1768	1	2	311	313	0.9936102236421726	17	19	0.8947368421052632	269	94	0.002386247581502878	0.002390834376974916	0.005854168022996836	0.4083986601653794	1	1	1.0	106	109	1	1	0.0	0.0	0.0	89	0.27639751552795033	90	0.3345724907063197	26	0.2765957446808511	1	0	1	1	15	18	1	1	0	0	76	76	2	5	117342	111074	27797	30499	359680	225140	4985	327	1947	75602	0.001452429599360398	0.0257532869500807	0.013859541814946618	0	f	14	10366.3	68:1:2	gold@3	silver@3	https://en.wikipedia.org/wiki/Newfoundland_and_Labrador :Q2003	P47 :shares border with@en	https://en.wikipedia.org/wiki/Saskatchewan :Q1989	0	0
0	1	32	6	5.333333333333333	192	-1	1	32	32	1.0	1	29	0.034482758620689655	32	29	0.0036611364620141914	0.0006337422410532261	0.004055461431350659	0.15626883692052773	1	1	1.0	0	9	0	0	0.0	0.0	0.0	1	0.03125	1	0.03125	1	0.034482758620689655	1	0	1	1	0	0	-1	1	0	0	10404	290	3	0	56288	56565	4225	2239	56565	44022	2861	2327	2860	57332	0.052859933669528875	0.0498848810437452	0.05057897993458853	1	f	39	243679.1	3:-1:1	protag_article@3	competit@3	https://en.wikipedia.org/wiki/Marcin_Lewandowski :Q933022	P1344 :participant of@en	https://en.wikipedia.org/wiki/2005_European_Athletics_Junior_Championships :Q2748256	0	1
0	1	19	6	3.1666666666666665	99	-1	2	19	19	1.0	1	16	0.0625	19	16	0.061201284355152694	4.87729251860022e-05	0.035485525607507645	0.0013744456183476495	1	1	1.0	0	9	0	0	0.0	0.0	0.0	1	0.05263157894736842	1	0.05263157894736842	1	0.0625	1	0	1	1	0	0	-1	1	0	0	372150	8	1	0	56560	68809	4226	1235	68809	48633	4489	3400	4438	57332	0.06991137704850615	0.0774087769483011	0.06523855890944498	0	f	39	596215.1	18:-1:2	protag_article@3	venu@3	https://en.wikipedia.org/wiki/Tariku_Bekele :Q1674	P27 :country of citizenship@en	https://en.wikipedia.org/wiki/Doha,_Qatar :Q3861	0	0
0	1	39	7	5.571428571428571	116	5	1	28	28	1.0	7	27	0.25925925925925924	28	28	0.0016197066905925567	0.0033814074638694844	0.0019436278290249859	1.7397401978781892	1	1	1.0	9	10	0	0	0.0	0.2	0.2	1	0.02564102564102564	1	0.03571428571428571	1	0.03571428571428571	1	0	1	1	0	0	1	1	0	0	10	873	2	0	42873	42455	11899	40372	42649	40899	13	13	13	69540	0.0003178561823027458	0.000186942766752948	0.000304813711927595	0	f	90	426322.1	4:5:1	citi_or_town@3	name_on_the_regist@3	https://en.wikipedia.org/wiki/Casper,_Wyoming :Q223177	P138-1 :named after@en	https://en.wikipedia.org/wiki/Bishop_House_(Casper,_Wyoming) :Q4917598	0	0
0	2	210	5	42.0	2371	3	0	232	184	1.2608695652173914	19	183	0.10382513661202186	232	230	0.00013251470537549277	0.013046331570533184	0.008630789410883504	1.5116035103442151	1	1	1.0	11	18	0	1	1.0	0.0	1.0	17	0.08095238095238096	22	0.09482758620689655	21	0.09130434782608696	0	0	1	1	0	0	1	1	0	0	21	34938	588	0	4454	3945	282	3820	4453	4318	845	833	819	52523	0.19291338582677164	0.0155931687070426	0.18975971255333482	1	f	159	910822.2	57:3:0	genr@3	titl@3	https://en.wikipedia.org/wiki/Drama_(film_and_television) :Q21010853	P136-1 :genre@en	https://en.wikipedia.org/wiki/Carola_Lamberti_%E2%80%93_Eine_vom_Zirkus :Q1044240	0	1
0	8	18	7	2.5714285714285716	96	2	1	18	18	1.0	18	4	4.5	18	18	0.00557942169595321	5.4604708000450296e-06	0.0031061523303148077	0.0017579533195307303	1	1	1.0	10	23	0	0	0.16	0.09090909090909091	0.16	8	0.4444444444444444	8	0.4444444444444444	8	0.4444444444444444	1	0	1	1	0	1	1	1	0	0	58817	6	1	44838	23061	22273	12675	4	23061	13354	16828	9805	16828	31206	0.734236932754231	0.539255271422162	0.7297168379515199	1	f	166	602334.8	8:2:1	player@3	pos@3	https://en.wikipedia.org/wiki/Ifeanyi_Chiejine :Q15079163	P413 :position played on team / speciality@en	https://en.wikipedia.org/wiki/Forward_(association_football) :Q280658	0	0
0	1	102	4	25.5	486	1	3	91	92	0.9891304347826086	70	71	0.9859154929577465	92	71	0.00022864083333948545	0.0021442395156448823	0.0012755783037694127	1.6809940317333103	1	1	1.0	9	9	0	0	0.0	0.0	0.0	2	0.0196078431372549	2	0.021739130434782608	2	0.028169014084507043	1	0	1	1	0	0	1	1	1	1	66	10470	0	1	39655	39871	2107	5210	39916	6013	630	42	268	68545	0.006984866123399301	0.00390984025093005	0.0157831446036677	0	f	174	132978.1	14:1:3	citi@3	venu@3	https://en.wikipedia.org/wiki/Sydney :Q3130	P137-1 :operator@en	https://en.wikipedia.org/wiki/Sydney_Entertainment_Centre :Q29726	0	0
0	1	100	4	25.0	240	1	3	72	72	1.0	59	55	1.0727272727272728	72	59	0.001308219594274788	0.02007996400807119	0.011057595168606408	1.8159431324706268	1	1	1.0	9	9	0	0	0.0	0.0	0.0	2	0.02	2	0.027777777777777776	2	0.03389830508474576	0	0	1	-1	0	0	1	1	0	0	126	14489	21	0	39655	39871	2107	5210	39916	6013	974	80	751	68545	0.013304506901712955	0.0109563060763002	0.024401242609479908	0	f	174	83254.1	84:1:3	citi@3	venu@3	https://en.wikipedia.org/wiki/Brisbane :Q34932	P276-1 :location@en	https://en.wikipedia.org/wiki/Entertainment_Centre :Q5380479	0	0
0	3	47	7	6.714285714285714	101	3	4	27	27	1.0	27	23	1.173913043478261	27	27	0.00042967352631394326	6.967560740857458e-06	0.0002535466925358337	0.02748038505717338	1	1	1.0	10	87	0	0	0.0	0.0	0.0	1	0.02127659574468085	1	0.037037037037037035	1	0.037037037037037035	1	0	1	1	0	1	1	1	0	0	2387	4	0	46	32771	31818	6460	2583	32771	14301	368	133	368	47482	0.00930004894762604	0.00775030537888042	0.011229440664001708	1	f	189	518484.3	29:3:4	name@3	nation@3	https://en.wikipedia.org/wiki/Esteban_Enderica :Q14371698	P1532 :country for sport@en	https://en.wikipedia.org/wiki/Ecuador :Q736	0	0
0	1	37	7	5.285714285714286	188	3	4	35	35	1.0	35	23	1.5217391304347827	35	35	0.00042967352631394326	6.967560740857458e-06	0.0002535466925358337	0.02748038505717338	1	1	1.0	10	87	0	0	0.0	0.0	0.0	5	0.13513513513513514	5	0.14285714285714285	5	0.14285714285714285	0	0	1	1	0	1	1	1	0	0	2387	4	0	817	32771	31818	6460	2583	32771	14301	368	133	368	47482	0.00930004894762604	0.00775030537888042	0.011229440664001708	1	f	189	708065.1	1:3:4	name@3	nation@3	https://en.wikipedia.org/wiki/Kendra_Harrison :Q20638354	P1532 :country for sport@en	https://en.wikipedia.org/wiki/United_States :Q30	0	1
0	1	107	4	26.75	377	1	3	61	61	1.0	61	61	1.0	60	60	0.003489655837009577	0.02123081283388868	0.016206167947381615	1.3100452187599896	1	1	1.0	9	9	0	0	0.0	0.0	0.0	1	0.009345794392523364	1	0.016666666666666666	1	0.016666666666666666	1	0	1	1	0	0	1	1	0	0	104	32274	1	0	27293	27470	1859	4496	27528	5274	19	2	14	51770	0.0003792188092529389	0.000270426888159166	0.0006902063353676257	0	f	225	215843.1	9:1:3	citi@3	venu@3	https://en.wikipedia.org/wiki/Hanover :Q1715	P361-1 :part of@en	https://en.wikipedia.org/wiki/TUI_Arena :Q266140	0	0
0	2	73	5	14.6	71	3	1	17	15	1.1333333333333333	13	15	0.8666666666666667	17	17	0.0008120812173826968	0.002224377385106343	0.0015381007325450708	1.4461844650614666	1	1	1.0	10	17	0	1	0.0	0.0	0.0	5	0.0684931506849315	5	0.29411764705882354	5	0.29411764705882354	1	0	1	1	0	0	1	1	0	0	26	275	2	0	12947	12595	3962	8009	12944	8376	5807	3187	829	37046	0.38049188156638014	0.0223775846245209	0.4486248454882571	0	f	265	707824.2	63:3:1	director@3	titl@3	https://en.wikipedia.org/wiki/Franziska_Buch :Q118634	P58-1 :screenwriter@en	https://en.wikipedia.org/wiki/Adieu_Paris :Q3552081	0	0
0	1	4	18	0.2222222222222222	6	0	1	2	2	1.0	2	1	2.0	2	2	0.0005050280233545646	0.0006027922925585709	0.0007527833323577875	0.8007513804411281	1	1	1.0	10	10	0	0	0.0	0.0	0.0	1	0.25	1	0.5	1	0.5	1	0	1	1	0	0	1	1	0	0	219	413	1	3	6778	6778	55	22	6778	569	199	10	199	8373	0.01757469244288225	0.0237668697002269	0.02935969312481558	0	f	279	935360.1	3:0:1	season@2	team@3	https://en.wikipedia.org/wiki/2018_AFL_Women%27s_season :Q48523108	P1346 :winner@en	https://en.wikipedia.org/wiki/Adelaide_Football_Club :Q948900	0	0
0	3	69	5	13.8	94	-1	1	61	61	1.0	1	60	0.016666666666666666	61	60	0.00016130230743333017	6.934797916057188e-05	0.00022397676041418428	0.30962131532008763	1	1	1.0	0	24	0	1	0.0	0.0	0.0	1	0.014492753623188406	1	0.01639344262295082	1	0.016666666666666666	1	0	1	1	0	7	-1	1	0	0	199	119	8	0	20917	20922	253	6145	20922	19677	528	477	528	24569	0.024241500228693397	0.0214904961536896	0.025236593059936908	1	f	363	436805.3	33:-1:1	protag_article@3	titl@3	https://en.wikipedia.org/wiki/Rina_Sat%C5%8D :Q1371716	P725-1 :voice actor@en	https://en.wikipedia.org/wiki/Corpse_Party :Q1005588	0	1
0	1	32	15	2.1333333333333333	93	0	2	18	18	1.0	7	6	1.1666666666666667	18	7	0.0006539022992469924	3.475043617148657e-05	0.00041738363931130107	0.08325778228592312	1	1	1.0	9	9	0	0	0.0	0.6	0.6	15	0.46875	15	0.8333333333333334	5	0.7142857142857143	0	0	1	1	0	0	1	1	1	0	6005	10	1	24	3487	3487	523	137	3487	667	2317	285	2317	5424	0.4272863568215892	0.427175516224189	0.6644680240894751	1	f	484	1064381.1	25:0:2	club**club@3	leagu**divi@3	https://en.wikipedia.org/wiki/Guangzhou_Evergrande_Taobao_FC :Q130521	P118 :league@en	https://en.wikipedia.org/wiki/Chinese_Super_League :Q209318	1	1
0	2	34	9	3.7777777777777777	167	-1	7	34	56	0.6071428571428571	1	55	0.01818181818181818	56	55	0.061201284355152694	4.87729251860022e-05	0.035485525607507645	0.0013744456183476495	1	1	1.0	0	111	0	0	0.0	0.0	0.0	2	0.058823529411764705	2	0.03571428571428571	2	0.03636363636363636	1	0	1	1	0	45	-1	1	0	0	372150	8	2	0	11247	14728	438	2932	14728	10579	2394	216	2380	12629	0.020417808866622554	0.188455142925014	0.16254752851711027	0	f	561	808116.2	28:-1:7	protag_article@3	locat@3	https://en.wikipedia.org/wiki/Wayne_McCullough :Q1337729	P27 :country of citizenship@en	https://en.wikipedia.org/wiki/Belfast :Q10686	0	0
0	2	87	8	10875	1107	5	3	97	85	1.1411764705882352	34	28	1.2142857142857142	98	69	0.00113745975141578	0.00011814274622977426	0.0006628712158864437	0.1782288073434965	1	1	1.0	10	55	0	0	0.0	0.0	0.0	1	0.011494252873563218	1	0.01020408163265306	1	0.014492753623188406	1	0	-1	1	0	0	1	1	0	1	710	19	0	0	23993	24252	412	362	25270	2099	738	54	439	24446	0.02572653644592663	0.0179579481305735	0.029204590423426987	0	f	614	45473.2	82:5:3	chassi@3	team@3	https://en.wikipedia.org/wiki/Lola_B08/80 :Q6668802	P176 :manufacturer@en	https://en.wikipedia.org/wiki/RML_Group :Q1849624	0	1
0	1	19	22	0.8636363636363636	49	-1	1	7	7	1.0	1	7	0.14285714285714285	7	7	0.007133821155777228	0.0006410811138084866	0.013390822328741435	0.04787466356211	1	1	1.0	0	10	0	0	0.0	0.0	0.0	1	0.05263157894736842	1	0.14285714285714285	1	0.14285714285714285	1	0	1	1	0	0	-1	1	0	0	1966	32	1	19	2682	2682	316	669	2682	2662	690	685	690	6420	0.2573253193087904	0.107476635514019	0.25727069351230425	1	f	794	665955.1	5:-1:1	protag_article@3	2__spancol@3	https://en.wikipedia.org/wiki/James_Reimer_(ice_hockey) :Q1278471	P54 :member of sports team@en	https://en.wikipedia.org/wiki/Toronto_Marlies :Q278957	0	0
0	1	22	14	1.5714285714285714	47	0	1	13	13	1.0	8	12	0.6666666666666666	13	13	9.309010619916766e-05	0.00018727230655834432	0.000493951193017601	0.3791311959675158	1	1	1.0	9	9	0	0	0.0	0.0	0.0	2	0.09090909090909091	2	0.15384615384615385	2	0.15384615384615385	1	0	1	1	0	0	1	1	1	0	78	679	4	0	1980	1979	405	621	1980	1341	135	87	135	3390	0.06487695749440715	0.0398230088495575	0.06818181818181818	1	f	1157	1041240.1	16:0:1	club**club@3	season**season@2	https://en.wikipedia.org/wiki/FC_Dynamo_Kyiv :Q179075	P1923-1 :participating teams@en	https://en.wikipedia.org/wiki/2015%E2%80%9316_Ukrainian_Premier_League :Q20097382	0	0
0	2	45	7	6.428571428571429	270	-1	3	32	46	0.6956521739130435	1	34	0.029411764705882353	46	34	8.53580795463039e-05	8.531439577990354e-05	4.659288016269558e-05	1.831060786154409	1	1	1.0	0	9	0	0	0.0	0.0	0.0	2	0.044444444444444446	2	0.043478260869565216	1	0.029411764705882353	1	0	1	0	0	0	-1	1	0	0	4	2	1	0	1726	2782	83	2067	2781	2315	5	3	5	7172	0.0012958963282937365	0.000697155605131065	0.0017979144192736426	0	f	1230	721680.2	1:-1:3	protag_article@3	direct_by@3	https://en.wikipedia.org/wiki/List_of_seaQuest_DSV_episodes :Q6638032	P1811-1 :list of episodes@en	https://en.wikipedia.org/wiki/Irvin_Kershner :Q119348	0	0
0	1	108	36	3.0	21780	4	16	49	49	1.0	8	7	1.1428571428571428	49	13	0.00883421176291125	0.008723342363787136	0.004877729342530534	1.7884022977095984	1	1	1.0	34	26	1	1	0.0	0.0	0.0	3	0.027777777777777776	3	0.061224489795918366	1	0.07692307692307693	0	0	1	1	12	4	1	1	1	1	56	15	0	7	469	470	23	31	468	64	18	1	18	1282	0.015625	0.0140405616224649	0.038461538461538464	0	f	1221	628191.1	36:4:16	4__or-9@3	6__or-6@3	https://en.wikipedia.org/wiki/Master_Sergeant :Q15215042	P155 :follows@en	https://en.wikipedia.org/wiki/Corporal :Q17378201	0	0
0	10	4	36	0.1111111111111111	884	20	6	2	2	1.0	1	2	0.5	2	2	0.001532295474025436	0.030839756193910318	0.022903400448151128	1.3465142987708556	1	1	1.0	11	11	0	0	0.0	0.0	0.0	1	0.25	1	0.5	1	0.5	0	0	1	1	0	0	1	1	1	1	17	508747	5	0	465	465	32	23	467	64	47	1	36	1282	0.015625	0.0280811232449298	0.1006423982869379	1	f	1221	885583.10	5:20:6	4__or-5@3	6__or-9@3	https://en.wikipedia.org/wiki/Sergeant :Q157696	P279-1 :subclass of@en	https://en.wikipedia.org/wiki/First_sergeant :Q16711404	0	0
0	2	311	7	44.42857142857143	691	4	5	191	191	1.0	191	38	5.026315789473684	191	191	0.007133821155777228	0.0006410811138084866	0.013390822328741435	0.04787466356211	1	1	1.0	10	10	0	0	0.0	0.23529411764705882	0.23529411764705882	108	0.34726688102893893	108	0.5654450261780105	108	0.5654450261780105	0	0	1	1	0	0	1	1	0	0	1966	32	1	875	7974	7974	7835	75	7974	7954	4496	4488	4491	14207	0.5642444053306512	0.316111775885127	0.563832455480311	1	f	1390	901236.2	93:4:5	player@3	team@3	https://en.wikipedia.org/wiki/Bob_Kula :Q17612531	P54 :member of sports team@en	https://en.wikipedia.org/wiki/Seattle_Seahawks :Q221878	0	0
0	8	16	4	4.0	45	1	2	14	14	1.0	14	14	1.0	14	14	0.0008642396344647269	0.0005187447260042778	0.0004993913938950542	1.0387538358606367	1	1	1.0	18	11	1	0	0.0	0.0	0.0	1	0.0625	1	0.07142857142857142	1	0.07142857142857142	0	0	1	1	0	0	1	1	0	0	75	188	0	0	3208	3289	3185	833	3287	3264	10	10	10	3651	0.0030637254901960784	0.00273897562311695	0.0030422878004259203	0	f	1465	506251.8	13:1:2	album@3	artist@3	https://en.wikipedia.org/wiki/Live_at_the_Paramount :Q2024323	P800-1 :notable work@en	https://en.wikipedia.org/wiki/The_Guess_Who :Q1141238	0	1
0	11	31	5	6.2	159	0	1	23	22	1.0454545454545454	23	2	11.5	23	23	0.00557942169595321	5.4604708000450296e-06	0.0031061523303148077	0.0017579533195307303	1	1	1.0	24	9	0	0	0.16	0.25	0.25	1	0.03225806451612903	1	0.043478260869565216	1	0.043478260869565216	1	0	1	-1	0	0	1	1	0	0	58817	6	0	0	3645	3512	1867	2	3645	1905	305	162	303	4095	0.08503937007874016	0.073992673992674	0.08367626886145405	0	f	1807	590443.11	2:0:1	player@3	posit@3	https://en.wikipedia.org/wiki/Masahito_Yamamoto :Q11469150	P413 :position played on team / speciality@en	https://en.wikipedia.org/wiki/Prop_(rugby_union) :Q6583019	0	1
0	1	52	4	13.0	152	2	1	50	50	1.0	18	19	0.9473684210526315	50	19	0.003489655837009577	0.02123081283388868	0.016206167947381615	1.3100452187599896	1	1	1.0	9	11	0	0	0.25	0.0	0.25	4	0.07692307692307693	4	0.08	1	0.05263157894736842	0	0	1	1	0	3	1	1	1	1	104	32274	0	1	5249	4377	1143	1638	5310	1906	7	3	3	6296	0.0015739769150052466	0.000476493011435832	0.0013182674199623352	0	f	1875	118096.1	19:2:1	artist@3	song@3	https://en.wikipedia.org/wiki/Cliff_Richard :Q82238	P361-1 :part of@en	https://en.wikipedia.org/wiki/Summer_Holiday_(song) :Q3364868	0	0
0	4	4	31	0.12903225806451613	1252	17	0	4	4	1.0	4	4	1.0	4	4	0.02123081283388868	0.003489655837009577	0.016206167947381615	0.21532887036218767	1	1	1.0	10	10	0	0	0.0	0.0	0.0	1	0.25	1	0.25	1	0.25	0	0	-1	1	0	0	1	1	0	0	32274	104	0	0	525	525	11	19	525	19	41	1	41	775	0.05263157894736842	0.0529032258064516	0.07809523809523809	1	f	2282	420968.4	4:17:0	14@3	year@2	https://en.wikipedia.org/wiki/UNOH_200 :Q2043392	P361 :part of@en	https://en.wikipedia.org/wiki/2015_NASCAR_Camping_World_Truck_Series :Q17515617	0	1
0	2	30	5	6.0	148	1	3	29	29	1.0	29	29	1.0	29	29	0.0004815916826807714	0.0026737959738332494	0.001600288061612501	1.6708216714052393	1	1	1.0	10	10	0	0	0.0	0.0	0.0	8	0.26666666666666666	8	0.27586206896551724	8	0.27586206896551724	0	0	1	1	0	0	1	1	0	0	25	10308	0	1	437	437	232	296	436	298	63	43	39	590	0.14429530201342283	0.0661016949152543	0.1444954128440367	1	f	2713	893237.2	10:1:3	citi@3	venu@3	https://en.wikipedia.org/wiki/Albany,_New_York :Q24861	P127-1 :owned by@en	https://en.wikipedia.org/wiki/Times_Union_Center :Q1143334	0	1
0	2	101	8	12625	865	5	3	93	93	1.0	22	59	0.3728813559322034	93	72	0.042826341433453964	0.0037944374751848905	0.023398684907029288	0.16216456139571284	1	1	1.0	55	17	0	0	0.0	0.0	0.0	1	0.009900990099009901	1	0.010752688172043012	1	0.013888888888888888	0	0	1	-1	0	7	1	1	0	0	22677	6	1	0	218	296	128	162	296	268	1	1	1	227	0.0037313432835820895	0.00440528634361234	0.0033783783783783786	0	f	2814	859103.2	9:5:3	partner@3	tournament@3	https://en.wikipedia.org/wiki/Brian_Gottfried :Q912255	P19 :place of birth@en	https://en.wikipedia.org/wiki/Rome_Masters :Q319496	0	0
0	1	180	7	25.714285714285715	1093	5	2	50	52	0.9615384615384616	19	32	0.59375	33	30	0.00011814274622977426	0.00113745975141578	0.0006628712158864437	1.7159588833476185	1	1	1.0	53	53	0	0	0.0	0.0	0.0	3	0.016666666666666666	3	0.09090909090909091	3	0.1	0	0	1	-1	0	0	1	1	1	1	19	710	4	0	8997	9099	169	399	3297	810	78	28	75	30057	0.0345679012345679	0.00249525900788502	0.023657870791628753	0	f	2945	280284.1	133:5:2	lsp**decay_utc@3	rocket**oper@3	https://en.wikipedia.org/wiki/China :Q148	P176-1 :manufacturer@en	https://en.wikipedia.org/wiki/Long_March_3A :Q54162	0	0
0	2	148	7	21.142857142857142	793	3	2	46	41	1.1219512195121952	21	18	1.1666666666666667	39	25	3.293755986587161e-05	0.20556027510113994	0.1123884671026946	1.8290157380054834	1	1	1.0	75	54	0	0	0.0	0.0	0.0	1	0.006756756756756757	1	0.02564102564102564	1	0.04	0	0	1	-1	22	0	1	1	1	1	70	846719	191857	0	9491	9222	362	468	5056	1360	174	48	172	30057	0.03529411764705882	0.00572246065808298	0.03441455696202532	0	f	2945	655822.2	129:3:2	launch_site**orbit@3	rocket**oper@3	https://en.wikipedia.org/wiki/India :Q668	P17-1 :country@en	https://en.wikipedia.org/wiki/Agni_missile :Q142645	0	0
0	1	1132	5	226.4	2204	0	2	536	536	1.0	491	149	3.295302013422819	536	531	0.021396876671859646	0.001630758683491848	0.01202110593188909	0.13565795798919292	1	1	1.0	9	9	0	0	0.0	0.05	0.05	24	0.02120141342756184	24	0.04477611940298507	23	0.04331450094161959	0	0	1	1	0	0	1	1	0	0	859	26	0	1	12700	12699	11312	538	12424	11336	280	174	45	28073	0.015349329569513057	0.00160296370177751	0.022537025112685124	1	f	3474	157463.1	564:0:2	name_of_place@3	princip_counti@3	https://en.wikipedia.org/wiki/Buffington,_Georgia :Q4985969	P150-1 :contains administrative territorial entity@en	https://en.wikipedia.org/wiki/Cherokee_County,_Georgia :Q486664	0	1
0	1	207	6	34.5	1449	5	4	63	63	1.0	49	57	0.8596491228070176	63	61	0.0003484654045756736	0.008383875815089937	0.006259314186373735	1.339424027210726	1	1	1.0	9	9	0	0	0.0	0.0	0.0	2	0.00966183574879227	2	0.031746031746031744	2	0.03278688524590164	0	0	-1	1	0	0	1	1	0	0	28	18302	0	1	2103	2074	414	895	2103	1293	154	69	154	6058	0.05336426914153132	0.0254209310003301	0.07322872087494056	1	f	3824	954766.1	127:5:4	caus@3	winner@3	https://en.wikipedia.org/wiki/Attorney-General_of_the_Duchy_of_Lancaster :Q4818614	P39-1 :position held@en	https://en.wikipedia.org/wiki/John_Ord :Q15990208	0	1
0	60	261	5	52.2	749	2	0	236	236	1.0	9	235	0.03829787234042553	236	236	5.766257164847551e-06	6.117911484370451e-05	3.723621081985482e-05	1.6430005496446225	1	1	1.0	9	9	0	0	0.7692307692307693	0.0	0.7692307692307693	2	0.007662835249042145	2	0.00847457627118644	2	0.00847457627118644	0	0	1	1	0	0	1	1	0	0	31	635	521	0	672	666	34	663	673	672	3	3	3	981	0.004464285714285714	0.00305810397553517	0.004457652303120356	1	f	4217	270923.60	190:2:0	languag@3	univ@3	https://en.wikipedia.org/wiki/English_language :Q1860	P2936-1 :language used@en	https://en.wikipedia.org/wiki/Rice_University :Q842909	0	1
0	6	13	9	1.4444444444444444	39	-1	0	13	13	1.0	1	13	0.07692307692307693	13	13	0.0011364113410221714	0.0010319416136757098	0.0006224804028072341	1.6577897216071478	1	1	1.0	0	11	0	0	0.0	0.0	0.0	1	0.07692307692307693	1	0.07692307692307693	1	0.07692307692307693	1	0	1	1	0	0	-1	1	0	0	28	6	1	0	1562	1562	57	1520	1562	1527	25	25	25	1562	0.016371971185330715	0.0160051216389245	0.016005121638924456	0	f	4219	511059.6	7:-1:0	protag_article@3	place@3	https://en.wikipedia.org/wiki/Yolo_County,_California :Q109709	P1376-1 :capital of@en	https://en.wikipedia.org/wiki/Madison,_California :Q3458655	0	1
0	2	9	4	2.25	19	3	1	6	5	1.2	2	5	0.4	6	6	5.2901041110836246e-05	0.0008984440235562089	0.0004993913938950542	1.7990779067070077	1	1	1.0	10	18	0	1	0.0	0.0	0.0	1	0.1111111111111111	1	0.16666666666666666	1	0.16666666666666666	1	0	1	1	0	0	1	1	1	0	10	2111	23	0	352	295	31	209	352	259	179	125	176	774	0.4826254826254826	0.227390180878553	0.5085227272727273	0	f	4461	643886.2	7:3:1	produc@3	titl@3	https://en.wikipedia.org/wiki/GMA_Films :Q5513711	P750-1 :distributor@en	https://en.wikipedia.org/wiki/Just_One_Summer :Q6316267	0	0
0	26	9	4	2.25	27	2	1	9	9	1.0	9	4	2.25	9	9	0.00042967352631394326	6.967560740857458e-06	0.0002535466925358337	0.02748038505717338	1	1	1.0	11	88	0	0	0.0	0.5555555555555556	0.5555555555555556	1	0.1111111111111111	1	0.1111111111111111	1	0.1111111111111111	0	0	1	1	0	1	1	1	0	0	2387	4	0	817	498	498	285	50	498	286	24	10	23	526	0.03496503496503497	0.0437262357414449	0.04819277108433735	1	f	4733	375688.26	1:2:1	athlet@3	countri@3	https://en.wikipedia.org/wiki/Torri_Edwards :Q261969	P1532 :country for sport@en	https://en.wikipedia.org/wiki/United_States :Q30	0	0
0	1	176	6	29.333333333333332	446	1	3	135	135	1.0	119	120	0.9916666666666667	135	120	0.00022864083333948545	0.0021442395156448823	0.0012755783037694127	1.6809940317333103	1	1	1.0	9	9	0	0	0.0	0.0	0.0	4	0.022727272727272728	4	0.02962962962962963	3	25	0	0	1	1	0	0	1	1	0	0	66	10470	1	1	3314	3319	534	912	3313	938	138	26	138	4189	0.02771855010660981	0.0329434232513726	0.04165408994868699	1	f	5508	878281.1	25:1:3	citi@3	venu@3	https://en.wikipedia.org/wiki/San_Antonio :Q975	P137-1 :operator@en	https://en.wikipedia.org/wiki/AT%26T_Center :Q298573	0	0
0	2	246	9	27.333333333333332	4115	6	4	222	222	1.0	90	222	0.40540540540540543	222	222	0.0006644300869494791	0.015159577453917012	0.010310252037126074	1.4703401429304594	1	1	1.0	10	84	0	0	0.0	0.0	0.0	1	0.0040650406504065045	1	0.0045045045045045045	1	0.0045045045045045045	1	0	0	1	0	17	1	1	0	0	11	14081	0	1	5983	5983	2235	5704	5983	5717	17	17	17	6503	0.00297358754591569	0.00261417807165923	0.002841383921109811	0	f	5664	193667.2	166:6:4	colleg@3	player@3	https://en.wikipedia.org/wiki/2000_Nebraska_Cornhuskers_football_team :Q4597692	P69-1 :educated at@en	https://en.wikipedia.org/wiki/Bobby_Newcombe :Q4935413	0	1
0	1	2106	4	526.5	8953	3	1	860	868	0.9907834101382489	486	164	2.9634146341463414	893	878	0.0001395041079995504	0.004002022733119402	0.0024227702476628237	1.6518374934561117	1	1	1.0	16	40	1	0	0.0	0.0	0.0	2	0.000949667616334283	2	0.0022396416573348264	2	0.002277904328018223	0	0	1	1	0	32	1	1	0	0	14	7434	0	1	1001	1009	602	212	1038	1022	2	2	2	2469	0.0019569471624266144	0.000810044552450385	0.0019267822736030828	0	f	6530	460155.1	1862:3:1	releas@3	song@3	https://en.wikipedia.org/wiki/Tit%C3%A3s_(album) :Q7810370	P264-1 :record label@en	https://en.wikipedia.org/wiki/The_Ballad_of_John_and_Yoko :Q1418935	0	0
0	3	652	3	217.33333333333334	1883	0	1	625	625	1.0	625	625	1.0	625	625	4.2373253408349425e-06	7.105164605018592e-05	3.8938505623959435e-05	1.8247142490868165	1	1	1.0	10	10	0	0	0.0	0.0	0.0	2	0.003067484662576687	2	0.0032	2	0.0032	0	0	1	1	0	0	1	1	0	0	3	174	0	0	22226	22232	1836	8023	22232	9870	39	12	39	24249	0.0012158054711246201	0.0016083137448967	0.0017542281396185678	0	f	6416	303687.3	96:0:1	constitu@3	mp@3	https://en.wikipedia.org/wiki/Brecon_and_Radnor_(UK_Parliament_constituency) :Q1077422	P768-1 :electoral district@en	https://en.wikipedia.org/wiki/Tudor_Watkins,_Baron_Watkins :Q7851330	0	1
0	2	637	3	212.33333333333334	1817	0	1	601	601	1.0	582	601	0.9683860232945092	601	601	4.2373253408349425e-06	7.105164605018592e-05	3.8938505623959435e-05	1.8247142490868165	1	1	1.0	9	9	0	0	0.0	0.0	0.0	1	0.0015698587127158557	1	0.0016638935108153079	1	0.0016638935108153079	0	0	1	1	0	0	1	1	0	0	3	174	0	0	22226	22232	1836	8023	22232	9870	39	12	39	24249	0.0012158054711246201	0.0016083137448967	0.0017542281396185678	0	f	6416	249209.2	552:0:1	constitu@3	mp@3	https://en.wikipedia.org/wiki/Stockton_on_Tees_(UK_Parliament_constituency) :Q7618214	P768-1 :electoral district@en	https://en.wikipedia.org/wiki/Frederick_Fox_Riley :Q23688904	0	0
0	2	39	4	9.75	234	-1	1	39	39	1.0	1	13	0.07692307692307693	39	13	0.0004073074379169588	0.007552770317439883	0.008743152772113879	0.8638497478311602	1	1	1.0	0	66	0	1	0.0	0.0	0.0	11	0.28205128205128205	11	0.28205128205128205	3	0.23076923076923078	1	0	1	1	0	0	-1	1	0	0	78	29069	4	1	795	795	11	147	795	175	231	23	231	949	0.13142857142857142	0.243414120126449	0.29056603773584905	1	f	10300	789510.2	13:-1:1	protag_article@3	program@3	https://en.wikipedia.org/wiki/Daytime_Emmy_Award_for_Outstanding_Drama_Series_Writing_Team :Q5243445	P166-1 :award received@en	https://en.wikipedia.org/wiki/Ryan%27s_Hope :Q1970206	0	1
0	1	37	107	0.34579439252336447	9739	60	69	4	4	1.0	2	2	1.0	4	2	0.001867721274330602	0.0018868110802475594	0.002659329704636019	0.709506262784293	1	1	1.0	9	9	0	0	0.0	0.0	0.0	2	0.05405405405405406	2	0.5	1	0.5	1	0	1	1	0	0	1	1	1	1	68	69	4	0	96	96	2	2	96	2	48	1	24	888	0.5	0.027027027027027	0.5	0	f	10336	678794.1	10:60:69	55__spancol@3	64__spancol@3	https://en.wikipedia.org/wiki/Hashim_ibn_Abd_Manaf :Q553241	P3373 :sibling@en	https://en.wikipedia.org/wiki/Salma_bint_Amr :Q7405371	0	0
0	1	238	3	79.33333333333333	1356	1	0	203	148	1.3716216216216217	128	143	0.8951048951048951	200	195	0.010051503597423688	0.007407783896757087	0.013510804352032137	0.548285927598596	1	1	1.0	10	9	0	0	0.0	0.0	0.0	8	0.03361344537815126	8	0.04	8	0.041025641025641026	0	0	1	1	0	0	1	1	0	0	12798	484	0	0	2485	1912	671	1850	2446	2393	78	76	76	3340	0.03175929795236105	0.0227544910179641	0.03188879803761243	1	f	10807	508690.1	168:1:0	island_group@3	island_name@3	https://en.wikipedia.org/wiki/Izu_Islands :Q864302	P527 :has part@en	https://en.wikipedia.org/wiki/Aogashima :Q615578	0	0
0	1	41	4	10.25	134	-1	0	17	17	1.0	1	17	0.058823529411764705	17	17	0.0003484654045756736	0.008383875815089937	0.006259314186373735	1.339424027210726	1	1	1.0	0	11	0	0	0.0	0.0	0.0	1	0.024390243902439025	1	0.058823529411764705	1	0.058823529411764705	1	0	1	1	0	0	-1	1	0	0	28	18302	2	0	83	84	20	74	84	79	8	8	8	582	0.10126582278481013	0.013745704467354	0.09523809523809523	1	f	11138	205081.1	24:-1:0	protag_article@3	name@3	https://en.wikipedia.org/wiki/Assistant_Secretary_of_Defense_for_International_Security_Affairs :Q4808976	P39-1 :position held@en	https://en.wikipedia.org/wiki/Bing_West :Q4914148	0	1
0	1	11	5	2.2	33	0	3	11	11	1.0	11	11	1.0	11	11	0.00650103995758481	0.12161208911540766	0.07064224642631478	1.7215206943094354	1	1	1.0	10	17	0	1	0.0	0.0	0.0	8	0.7272727272727273	8	0.7272727272727273	8	0.7272727272727273	0	0	1	1	0	0	1	1	0	0	150	48884	1	0	150	150	150	148	145	145	114	114	24	210	0.7862068965517242	0.114285714285714	0.7862068965517242	1	f	11685	335828.1	4:0:3	municip@3	town_villag@3	https://en.wikipedia.org/wiki/Dolni_Dabnik_Municipality :Q2561191	P131-1 :located in the administrative territorial entity@en	https://en.wikipedia.org/wiki/Dolni_Dabnik :Q405145	0	0
0	2	452	5	90.4	4840	-1	2	152	153	0.9934640522875817	1	146	0.00684931506849315	153	146	4.669794628198509e-05	0.00041344500709620944	0.0004229785942618547	0.9774608282901823	1	1	1.0	0	17	0	1	0.0	0.0	0.0	1	0.0022123893805309734	1	0.006535947712418301	1	0.00684931506849315	1	0	1	1	0	0	-1	1	0	0	84	1032	663	0	275	277	9	252	277	270	2	2	2	1473	0.007407407407407408	0.00135777325186694	0.007220216606498195	0	f	13947	729301.2	61:-1:2	protag_article@3	role@3	https://en.wikipedia.org/wiki/Academy_Award_for_Best_Actor :Q103916	P1411-1 :nominated for@en	https://en.wikipedia.org/wiki/Alvin_York :Q449068	0	0
0	1	17	17	1.0	630	7	8	8	8	1.0	5	5	1.0	8	5	0.008723342363787136	0.00883421176291125	0.004877729342530534	1.8111320129804738	1	1	1.0	69	69	1	1	0.0	0.0	0.0	6	0.35294117647058826	6	0.75	3	0.6	0	0	0	-1	7	7	1	1	0	0	15	56	0	0	128	128	5	5	128	5	96	3	16	272	0.6	0.0588235294117647	0.75	0	f	15720	803354.1	3:7:8	6@3	7@3	https://en.wikipedia.org/wiki/End_transmission_block :Q5375811	P155-1 :follows@en	https://en.wikipedia.org/wiki/Escape_character :Q998991	0	1
0	2	108	5	21.6	478	-1	1	72	72	1.0	1	65	0.015384615384615385	72	65	0.0005050280233545646	0.0006027922925585709	0.0007527833323577875	0.8007513804411281	1	1	1.0	0	10	0	0	0.0	0.0	0.0	27	0.25	27	375	23	0.35384615384615387	1	0	1	1	0	0	-1	1	0	0	219	413	25	2	590	591	12	402	591	550	157	151	157	1021	0.27454545454545454	0.153770812928502	0.2656514382402707	0	f	20932	962675.2	96:-1:1	protag_article@3	nomin@3	https://en.wikipedia.org/wiki/Logie_Award_for_Most_Outstanding_Actor :Q6667521	P1346 :winner@en	https://en.wikipedia.org/wiki/John_Noble :Q312399	0	0
0	6	8	8	1.0	164	4	6	15	9	1.6666666666666667	11	8	1375	17	16	3.293755986587161e-05	0.20556027510113994	0.1123884671026946	1.8290157380054834	1	1	1.0	11	11	0	0	0.0	0.0	0.0	1	125	1	0.058823529411764705	1	0.0625	0	0	1	1	0	0	1	1	0	0	70	846719	0	1	121	76	55	25	142	81	5	4	5	76	0.04938271604938271	0.0657894736842105	0.035211267605633804	0	f	22126	417729.6	6:4:6	locat@3	perpetr@3	https://en.wikipedia.org/wiki/Itamar :Q1675212	P17-1 :country@en	https://en.wikipedia.org/wiki/Popular_Front_for_the_Liberation_of_Palestine :Q212884	0	0
0	1	136	5	27.2	777	2	3	123	123	1.0	121	115	1.0521739130434782	123	123	0.12161208911540766	0.00650103995758481	0.07064224642631478	0.09202765039990465	1	1	1.0	9	9	0	0	0.0	0.05128205128205128	0.05128205128205128	12	0.08823529411764706	12	0.0975609756097561	12	0.0975609756097561	0	0	1	1	0	0	1	1	0	0	48884	150	1	5	1024	1028	808	799	1025	992	193	193	193	1146	0.19455645161290322	0.168411867364747	0.18829268292682927	0	f	22358	387081.1	113:2:3	airport_name@3	communiti@3	https://en.wikipedia.org/wiki/Neepawa_Airport :Q3016525	P131 :located in the administrative territorial entity@en	https://en.wikipedia.org/wiki/Neepawa,_Manitoba :Q2450886	0	0
0	1	61	99	0.6161616161616161	12307	51	21	8	8	1.0	4	4	1.0	8	4	0.0018868110802475594	0.001867721274330602	0.002659329704636019	0.7023278351212325	1	1	1.0	20	20	1	1	0.0	0.0	0.0	2	0.03278688524590164	2	0.25	1	0.25	1	0	1	1	4	4	1	1	1	1	69	68	0	2	88	88	4	4	88	4	22	1	22	671	0.25	0.0327868852459016	0.25	0	f	22535	773055.1	12:51:21	16__spancol@3	6__keakealani_w@3	https://en.wikipedia.org/wiki/Keeaumoku_Nui :Q6382662	P3373-1 :sibling@en	https://en.wikipedia.org/wiki/Haae-a-Mahi :Q5636462	0	1
0	1	111	5	22.2	349	2	3	111	111	1.0	81	31	2.6129032258064515	109	79	0.0013308477852701746	0.001551581856891195	0.0008514450060390396	1.822292509658637	1	1	1.0	10	10	0	0	0.0	0.0	0.0	40	0.36036036036036034	40	0.3669724770642202	14	0.17721518987341772	0	0	1	1	0	0	1	1	0	0	9	40	0	1	469	469	147	46	463	145	312	35	17	469	0.2413793103448276	0.0362473347547974	0.673866090712743	0	f	27040	621594.1	74:2:3	citi@3	provinc@3	https://en.wikipedia.org/wiki/Benic%C3%A0ssim :Q636467	P36-1 :capital@en	https://en.wikipedia.org/wiki/Province_of_Castell%C3%B3n :Q54942	0	0
0	1	159	10	15.9	221	3	1	15	15	1.0	12	3	4.0	15	12	0.016462707889406156	0.0016506784809704122	0.00898994980623064	0.1836137594257068	1	1	1.0	10	10	0	0	0.0	0.0	0.0	1	0.006289308176100629	1	0.06666666666666667	1	0.08333333333333333	0	0	1	1	0	0	1	1	0	0	27137	5	0	39	55	66	38	30	67	59	1	1	1	325	0.01694915254237288	0.00307692307692308	0.014925373134328358	0	f	27555	251688.1	99:3:1	architect@3	locat@3	https://en.wikipedia.org/wiki/Thomas_Paty :Q7793059	P20 :place of death@en	https://en.wikipedia.org/wiki/Clifton,_Bristol :Q2376216	0	0
0	1	65	9	7.222222222222222	199	3	2	57	57	1.0	21	57	0.3684210526315789	57	57	6.967560740857458e-06	0.00042967352631394326	0.0002535466925358337	1.6946524603282593	1	1	1.0	87	10	0	0	0.5555555555555556	0.0	0.5555555555555556	1	0.015384615384615385	1	0.017543859649122806	1	0.017543859649122806	1	0	1	1	1	0	1	1	0	0	4	2387	389	0	471	471	79	151	471	278	2	1	2	489	0.0035971223021582736	0.00408997955010225	0.004246284501061571	1	f	30863	945776.1	17:3:2	countri@3	name@3	https://en.wikipedia.org/wiki/Germany :Q183	P1532-1 :country for sport@en	https://en.wikipedia.org/wiki/Michael_Neumayer :Q60882	0	0
0	1	12	5	2.4	76	1	4	10	10	1.0	3	1	3.0	10	3	0.021396876671859646	0.001630758683491848	0.01202110593188909	0.13565795798919292	1	1	1.0	11	55	0	0	0.0	0.0	0.0	2	0.16666666666666666	2	0.2	1	0.3333333333333333	0	0	1	1	0	0	1	1	0	0	859	26	0	14	64	64	13	12	64	21	10	2	6	84	0.09523809523809523	0.0714285714285714	0.15625	1	f	34103	924202.1	3:1:4	locat@3	manag@3	https://en.wikipedia.org/wiki/Kingston,_Jamaica :Q34692	P150-1 :contains administrative territorial entity@en	https://en.wikipedia.org/wiki/Jamaica :Q766	0	0
0	1	105	15	7.0	640	0	14	76	79	0.9620253164556962	1	22	0.045454545454545456	79	22	0.20556027510113994	3.293755986587161e-05	0.1123884671026946	0.0002930688594210919	1	1	1.0	11	54	0	0	0.0	0.0	0.0	34	0.3238095238095238	34	0.43037974683544306	1	0.045454545454545456	1	0	1	1	0	0	1	1	0	0	846719	70	1	0	365	403	2	124	403	126	77	2	77	577	0.015873015873015872	0.133448873483536	0.19106699751861042	0	f	35350	381796.1	68:0:14	domest**nemzeti_bajnoks√°g**div@3	manag**manag**manag@3	https://en.wikipedia.org/wiki/Nemzeti_Bajnoks%C3%A1g_I :Q276085	P17 :country@en	https://en.wikipedia.org/wiki/Lajos_Tichy :Q553339	0	0
0	3	25	11	2.272727272727273	273	3	2	20	20	1.0	20	10	2.0	20	20	0.061201284355152694	4.87729251860022e-05	0.035485525607507645	0.0013744456183476495	1	1	1.0	72	54	0	0	0.0	0.0	0.0	16	0.64	16	0.8	16	0.8	1	0	1	1	16	0	1	1	0	0	372150	8	1	18840	68	68	68	25	68	68	62	62	62	82	0.9117647058823529	0.75609756097561	0.9117647058823529	0	f	36977	217706.3	20:3:2	name@3	nat@4	https://en.wikipedia.org/wiki/Chousein_Moumin :Q5949841	P27 :country of citizenship@en	https://en.wikipedia.org/wiki/Turkey :Q43	0	0
0	4	28	5	5.6	150	4	1	61	21	2.9047619047619047	60	21	2.857142857142857	61	61	0.0006509318031317679	0.0007251723641291801	0.00124024675846464	0.5847000680952436	1	1	1.0	10	55	0	0	0.0	0.0	0.0	1	0.03571428571428571	1	0.01639344262295082	1	0.01639344262295082	1	0	1	1	0	0	1	1	0	0	989	1214	0	1	138	50	77	29	138	78	2	1	2	121	0.01282051282051282	0.0165289256198347	0.014492753623188406	1	f	46110	339166.4	21:4:1	champion_year@1	club@3	https://en.wikipedia.org/wiki/1992%E2%80%9393_FIBA_European_League :Q2505857	P710 :participant@en	https://en.wikipedia.org/wiki/Limoges_CSP :Q1419876	0	1
0	7	60	4	15.0	860	-1	1	49	49	1.0	1	49	0.02040816326530612	49	49	0.0004073074379169588	0.007552770317439883	0.008743152772113879	0.8638497478311602	1	1	1.0	0	17	0	1	0.0	0.0	0.0	10	0.16666666666666666	10	0.20408163265306123	10	0.20408163265306123	1	0	1	1	0	0	-1	1	0	0	78	29069	187	0	311	311	1	311	311	311	35	35	35	386	0.11254019292604502	0.0906735751295337	0.11254019292604502	0	f	48787	202437.7	4:-1:1	protag_article@3	film@3	https://en.wikipedia.org/wiki/Academy_Award_for_Best_Production_Design :Q277751	P166-1 :award received@en	https://en.wikipedia.org/wiki/The_Molly_Maguires :Q2247896	0	1
0	1	119	8	14875	2398	5	3	123	123	1.0	17	41	0.4146341463414634	143	95	0.013046331570533184	0.00013251470537549277	0.008630789410883504	0.015353717842818701	1	1	1.0	9	9	0	0	0.0	1.0	1.0	1	0.008403361344537815	1	0.006993006993006993	1	0.010526315789473684	0	0	0	1	0	0	1	1	0	0	34938	21	0	948	177	179	19	52	206	131	1	1	1	178	0.007633587786259542	0.00561797752808989	0.0048543689320388345	0	f	52107	543914.1	55:5:3	content_licen@3	genr@3	https://en.wikipedia.org/wiki/CC-BY :Q284742	P136 :genre@en	https://en.wikipedia.org/wiki/Shoot_%27em_up :Q1044478	0	0
0	3	77	7	11.0	742	6	5	14	14	1.0	8	9	0.8888888888888888	13	12	0.002390834376974916	0.002386247581502878	0.005854168022996836	0.4076151508000828	1	1	1.0	54	55	0	0	0.0	0.0	0.0	3	0.03896103896103896	3	0.23076923076923078	3	0.25	0	0	1	1	0	0	1	1	0	0	76	76	3	11	30	30	13	13	29	25	11	9	4	182	0.36	0.021978021978022	0.3793103448275862	0	f	57405	150257.3	2:6:5	countri_of_co-product@3	countri_of_product@3	https://en.wikipedia.org/wiki/United_Kingdom :Q145	P47-1 :shares border with@en	https://en.wikipedia.org/wiki/France :Q142	0	0
0	3	126	5	25.2	661	-1	2	98	98	1.0	1	58	0.017241379310344827	98	58	0.0004073074379169588	0.007552770317439883	0.008743152772113879	0.8638497478311602	1	1	1.0	0	10	0	0	0.0	0.0	0.0	2	0.015873015873015872	2	0.02040816326530612	1	0.017241379310344827	1	0	1	1	0	0	-1	1	0	0	78	29069	21	0	358	358	2	212	358	212	10	3	10	462	0.014150943396226415	0.0216450216450216	0.027932960893854747	0	f	65817	954239.3	44:-1:2	protag_article@3	actor@3	https://en.wikipedia.org/wiki/BAFTA_Award_for_Best_Actor_in_a_Leading_Role :Q400007	P166-1 :award received@en	https://en.wikipedia.org/wiki/Robert_Ryan :Q350680	0	1
0	2	8	7	1.1428571428571428	104	3	1	8	8	1.0	4	8	0.5	8	8	0.00650103995758481	0.12161208911540766	0.07064224642631478	1.7215206943094354	1	1	1.0	9	9	0	0	0.0	0.0975609756097561	0.0975609756097561	1	125	1	125	1	125	0	0	1	-1	0	0	1	1	0	0	150	48884	14705	0	25	25	8	25	25	25	1	1	1	28	0.04	0.0357142857142857	0.04	1	f	73702	454108.2	5:3:1	provinc@3	varsiti_name@3	https://en.wikipedia.org/wiki/Manitoba :Q1948	P131-1 :located in the administrative territorial entity@en	https://en.wikipedia.org/wiki/Manitoba_Bisons :Q6749966	0	1
0	1	54	22	2.4545454545454546	4552	3	5	51	51	1.0	6	11	0.5454545454545454	48	14	0.00014053067650995888	0.005804152832199864	0.003491966138713623	1.6621446490709695	1	1	1.0	9	9	0	0	0.3157894736842105	0.4	0.4	5	0.09259259259259259	5	0.10416666666666667	3	0.21428571428571427	0	0	1	1	0	0	1	1	1	1	10	23659	39	1	143	143	8	22	129	29	5	3	5	148	0.10344827586206896	0.0337837837837838	0.03875968992248062	1	f	78168	632334.1	52:3:5	1__parti@3	4__member@3	https://en.wikipedia.org/wiki/Australian_Greens :Q781486	P102-1 :member of political party@en	https://en.wikipedia.org/wiki/Michelle_O%27Byrne :Q6837187	0	0
0	5	100	5	20.0	242	1	3	67	67	1.0	35	36	0.9722222222222222	67	36	0.001308219594274788	0.02007996400807119	0.011057595168606408	1.8159431324706268	1	1	1.0	9	9	0	0	0.0	0.0	0.0	1	0.01	1	0.014925373134328358	1	0.027777777777777776	0	0	1	1	0	0	1	1	0	0	126	14489	0	0	80	80	40	41	80	41	1	1	1	169	0.024390243902439025	0.00591715976331361	0.0125	1	f	83469	23040.5	6:1:3	citi@3	venu@3	https://en.wikipedia.org/wiki/Lake_Tahoe :Q169962	P276-1 :location@en	https://en.wikipedia.org/wiki/Harveys_Outdoor_Arena :Q5677764	0	0
0	1	218	7	31.142857142857142	3123	2	3	192	221	0.8687782805429864	173	173	1.0	225	208	0.0005276562143499512	0.0005239649360891208	0.0003387566660168186	1.546729521960483	1	1	1.0	21	9	0	0	0.0	0.0	0.0	1	0.0045871559633027525	1	0.0044444444444444444	1	0.004807692307692308	0	0	1	0	0	0	1	1	1	1	39	49	4	0	293	324	175	175	329	210	1	1	1	330	0.004761904761904762	0.00303030303030303	0.00303951367781155	0	f	102173	467103.1	160:2:3	intend_victim@3	titl_at_the_time@3	https://en.wikipedia.org/wiki/Benito_Mussolini :Q23559	P112-1 :founded by@en	https://en.wikipedia.org/wiki/Prime_Minister_of_Italy :Q796897	0	0
0	2	12	17	0.7058823529411765	253	0	6	9	9	1.0	9	9	1.0	9	9	0.002386247581502878	0.002390834376974916	0.005854168022996836	0.4083986601653794	1	1	1.0	86	86	0	0	0.0	0.0	0.0	2	0.16666666666666666	2	0.2222222222222222	2	0.2222222222222222	1	0	1	1	1	1	1	1	0	0	76	76	5	5	18	18	9	9	18	9	4	2	2	24	0.2222222222222222	0.0833333333333333	0.2222222222222222	0	f	129519	811529.2	5:0:6	1__member_state@3	2__member_state@3	https://en.wikipedia.org/wiki/Spain :Q29	P47 :shares border with@en	https://en.wikipedia.org/wiki/Sweden :Q34	0	0
0	1	1100	5	220.0	5568	4	3	769	763	1.0078636959370904	63	495	0.12727272727272726	764	497	0.00650103995758481	0.12161208911540766	0.07064224642631478	1.7215206943094354	1	1	1.0	87	11	0	0	0.0	0.0	0.0	628	0.5709090909090909	628	0.8219895287958116	387	0.778672032193159	0	0	1	1	1	0	1	1	0	0	150	48884	38	1	1309	1303	65	513	1304	515	1120	399	2	2051	0.7747572815533981	0.000975134080936129	0.8588957055214724	1	f	142702	373320.1	69:4:3	countri@3	provinc_state@3	https://en.wikipedia.org/wiki/Norway :Q20	P131-1 :located in the administrative territorial entity@en	https://en.wikipedia.org/wiki/Oppland :Q50617	0	0
0	1	202	4	50.5	1206	0	1	202	202	1.0	202	14	14.428571428571429	200	200	0.0013308477852701746	0.001551581856891195	0.0008514450060390396	1.822292509658637	1	1	1.0	11	11	0	0	0.0	0.0	0.0	1	0.0049504950495049506	1	5	1	5	0	0	1	1	0	0	1	1	0	0	9	40	0	0	228	228	228	27	225	225	6	6	2	228	0.02666666666666667	0.0087719298245614	0.02666666666666667	0	f	177354	916105.1	106:0:1	polish_name@3	polish_powiat_counti@3	https://en.wikipedia.org/wiki/Mirocin_%C5%9Aredni :Q2003572	P36-1 :capital@en	https://en.wikipedia.org/wiki/Nowa_S%C3%B3l_County :Q317943	0	1
0	1	207	12	17.25	2111	7	3	205	210	0.9761904761904762	115	120	0.9583333333333334	211	198	0.12161208911540766	0.00650103995758481	0.07064224642631478	0.09202765039990465	1	1	1.0	9	9	0	0	0.17142857142857143	0.05263157894736842	0.17142857142857143	3	0.014492753623188406	3	0.014218009478672985	2	0.010101010101010102	0	0	1	1	0	0	1	1	0	0	48884	150	0	8	205	210	115	120	211	198	3	2	3	207	0.010101010101010102	0.0144927536231884	0.014218009478672985	1	f	215727	331582.1	93:7:3	locat@3	town_citi@3	https://en.wikipedia.org/wiki/St_Katharine_Docks :Q1003616	P131 :located in the administrative territorial entity@en	https://en.wikipedia.org/wiki/Rochester,_Kent :Q507517	0	1
0	1	73	5	14.6	239	1	0	74	82	0.9024390243902439	26	79	0.3291139240506329	83	80	0.0011364113410221714	0.0010319416136757098	0.0006224804028072341	1.6577897216071478	1	1	1.0	86	9	0	0	0.0	0.0	0.0	19	0.2602739726027397	19	0.2289156626506024	19	0.2375	0	0	1	1	1	0	1	1	0	0	28	6	1	0	74	82	26	79	83	80	19	19	1	73	0.2375	0.0136986301369863	0.2289156626506024	0	f	256403	913861.1	16:1:0	countri@3	urban_area@3	https://en.wikipedia.org/wiki/United_Kingdom :Q145	P1376-1 :capital of@en	https://en.wikipedia.org/wiki/Greater_Glasgow :Q5600557	0	0
0	1	18	6	3.0	223	-1	0	17	20	0.85	1	20	0.05	20	20	0.001532295474025436	0.030839756193910318	0.022903400448151128	1.3465142987708556	1	1	1.0	0	16	0	0	0.0	0.0	0.0	2	0.1111111111111111	2	0.1	2	0.1	1	0	1	1	0	8	-1	1	0	0	17	508747	52	1	17	20	1	20	20	20	2	2	2	18	0.1	0.111111111111111	0.1	1	f	301652	197705.1	4:-1:0	protag_article@3	sca_type@3	https://en.wikipedia.org/wiki/Spinocerebellar_ataxia :Q899726	P279-1 :subclass of@en	https://en.wikipedia.org/wiki/PLEKHG4 :Q18037776	0	1
0	1	68	3	22.666666666666668	188	0	1	57	60	0.95	57	12	4.75	60	60	0.016462707889406156	0.0016506784809704122	0.00898994980623064	0.1836137594257068	1	1	1.0	75	88	0	0	0.0	0.0	0.0	1	0.014705882352941176	1	0.016666666666666666	1	0.016666666666666666	0	0	1	1	20	1	1	1	0	0	27137	5	0	177	57	60	57	12	60	60	1	1	1	68	0.016666666666666666	0.0147058823529412	0.016666666666666666	0	f	342472	588600.1	22:0:1	name@3	nation@3	https://en.wikipedia.org/wiki/Morten_Frost :Q330279	P20 :place of death@en	https://en.wikipedia.org/wiki/Denmark :Q35	0	0
0	2	22	5	4.4	897	-1	1	17	17	1.0	1	17	0.058823529411764705	17	17	0.003489655837009577	0.02123081283388868	0.016206167947381615	1.3100452187599896	1	1	1.0	0	9	0	0	0.0	0.0	0.0	1	0.045454545454545456	1	0.058823529411764705	1	0.058823529411764705	1	0	1	1	0	0	-1	1	0	0	104	32274	2	1	17	17	1	17	17	17	1	1	1	22	0.058823529411764705	0.0454545454545455	0.058823529411764705	1	f	350963	502601.2	7:-1:1	protag_article@3	name@3	https://en.wikipedia.org/wiki/South_Korea :Q884	P361-1 :part of@en	https://en.wikipedia.org/wiki/Gwangju :Q41283	0	1
0	1	47	4	11.75	151	2	1	32	33	0.9696969696969697	25	33	0.7575757575757576	34	34	0.002386247581502878	0.002390834376974916	0.005854168022996836	0.4083986601653794	1	1	1.0	9	9	0	0	0.0	0.0	0.0	1	0.02127659574468085	1	0.029411764705882353	1	0.029411764705882353	0	0	1	1	0	0	1	1	0	0	76	76	0	1	32	33	25	33	34	34	1	1	1	47	0.029411764705882353	0.0212765957446808	0.029411764705882353	0	f	416228	619744.1	47:2:1	rout_end@3	rout_start@3	https://en.wikipedia.org/wiki/Newport,_Wales :Q101254	P47 :shares border with@en	https://en.wikipedia.org/wiki/Blaenavon :Q804282	0	0
0	1	357	9	39.666666666666664	2164	5	3	298	295	1.0101694915254238	20	201	0.09950248756218906	298	204	0.0011364113410221714	0.0010319416136757098	0.0006224804028072341	1.6577897216071478	1	1	1.0	9	9	0	0	0.0	0.0	0.0	20	0.056022408963585436	20	0.06711409395973154	2	0.00980392156862745	0	0	1	1	0	0	1	1	0	0	28	6	1	0	298	295	20	201	298	204	20	2	1	357	0.00980392156862745	0.00280112044817927	0.06711409395973154	0	f	454333	843392.1	23:5:3	countri@3	town@3	https://en.wikipedia.org/wiki/Turkey :Q43	P1376-1 :capital of@en	https://en.wikipedia.org/wiki/Selge,_Pisidia :Q769197	0	0
0	1	51	5	10.2	883	0	4	43	202	0.21287128712871287	43	200	215	206	206	0.0033814074638694844	0.0016197066905925567	0.0019436278290249859	0.8333419939788972	1	1	1.0	55	70	0	0	0.0	0.0	0.0	1	0.0196078431372549	1	0.0048543689320388345	1	0.0048543689320388345	0	0	1	1	0	62	1	1	0	0	873	10	2	3	43	202	43	200	206	206	1	1	1	51	0.0048543689320388345	0.0196078431372549	0.0048543689320388345	0	f	460137	208132.1	10:0:4	countri@3	note@3	https://en.wikipedia.org/wiki/Austria :Q40	P138 :named after@en	https://en.wikipedia.org/wiki/Klagenfurt :Q41753	0	0
0	1	17	7	2.4285714285714284	141	1	6	7	7	1.0	6	7	0.8571428571428571	6	6	9.977372245842278e-05	0.0012081182435683625	0.0007318201075324153	1.650840460836682	1	1	1.0	9	70	0	1	0.0625	0.0	0.0625	3	0.17647058823529413	3	0.5	3	0.5	0	0	1	1	0	55	1	1	0	0	14	2529	8	1	7	7	6	7	6	6	3	3	3	17	0.5	0.176470588235294	0.5	0	f	473423	641122.1	10:1:6	current_copyright_holder@3	reason@3	https://en.wikipedia.org/wiki/Nickelodeon :Q154958	P272-1 :production company@en	https://en.wikipedia.org/wiki/Rugrats :Q304290	0	0
0	89	36	14	2.5714285714285716	180	2	3	30	30	1.0	11	30	0.36666666666666664	30	30	6.967560740857458e-06	0.00042967352631394326	0.0002535466925358337	1.6946524603282593	1	1	1.0	53	9	0	0	0.0	0.0	0.0	4	0.1111111111111111	4	0.13333333333333333	4	0.13333333333333333	1	0	1	1	0	0	1	1	0	0	4	2387	19	0	30	30	11	30	30	30	4	4	1	36	0.13333333333333333	0.0277777777777778	0.13333333333333333	1	f	483316	712203.89	18:2:3	nat**nat@3	player**player@3	https://en.wikipedia.org/wiki/Ivory_Coast :Q1008	P1532-1 :country for sport@en	https://en.wikipedia.org/wiki/Gilles_Yapi_Yapo :Q539846	0	1
0	6	9	5	1.8	27	2	1	9	7	1.2857142857142858	6	7	0.8571428571428571	9	9	0.0006410811138084866	0.007133821155777228	0.013390822328741435	0.5327395869083804	1	1	1.0	9	9	0	0	0.0	0.0	0.0	4	0.4444444444444444	6	0.6666666666666666	6	0.6666666666666666	1	0	1	1	0	0	1	1	0	0	32	1966	1155	12	9	7	6	7	9	9	6	6	5	9	0.6666666666666666	0.555555555555556	0.6666666666666666	1	f	486724	465588.6	8:2:1	club@3	player@3	https://en.wikipedia.org/wiki/AC_Milan :Q1543	P54-1 :member of sports team@en	https://en.wikipedia.org/wiki/Jos%C3%A9_Mari :Q382074	1	0
0	6	9	4	2.25	54	1	0	9	9	1.0	5	9	0.5555555555555556	9	9	0.00650103995758481	0.12161208911540766	0.07064224642631478	1.7215206943094354	1	1	1.0	11	11	0	0	0.058823529411764705	0.0	0.058823529411764705	1	0.1111111111111111	1	0.1111111111111111	1	0.1111111111111111	0	0	1	1	0	0	1	1	0	0	150	48884	130	1	9	9	5	9	9	9	1	1	1	9	0.1111111111111111	0.111111111111111	0.1111111111111111	1	f	493250	826651.6	3:1:0	citi@3	venu@3	https://en.wikipedia.org/wiki/Adelaide :Q5112	P131-1 :located in the administrative territorial entity@en	https://en.wikipedia.org/wiki/Football_Park :Q2735925	0	0
0	1	462	6	77.0	1490	0	2	462	462	1.0	462	27	17.11111111111111	460	460	0.0016197066905925567	0.0033814074638694844	0.0019436278290249859	1.7397401978781892	1	1	1.0	10	11	0	0	0.3076923076923077	0.0	0.3076923076923077	2	0.004329004329004329	2	0.004347826086956522	2	0.004347826086956522	1	0	1	1	0	0	1	1	0	0	10	873	0	0	462	462	462	27	460	460	2	2	1	462	0.004347826086956522	0.00216450216450216	0.004347826086956522	0	f	494630	382515.1	405:0:2	citi_name@3	subdivi@3	https://en.wikipedia.org/wiki/Rohatyn :Q156821	P138-1 :named after@en	https://en.wikipedia.org/wiki/Ivano-Frankivsk_Oblast :Q178269	0	1
0	1	129	6	21.5	1097	-1	1	127	127	1.0	1	117	0.008547008547008548	127	117	0.001532295474025436	0.030839756193910318	0.022903400448151128	1.3465142987708556	1	1	1.0	0	10	0	0	0.0	0.0	0.0	1	0.007751937984496124	1	0.007874015748031496	1	0.008547008547008548	1	0	-1	0	0	0	-1	1	0	1	17	508747	1	0	127	127	1	117	127	117	1	1	1	129	0.008547008547008548	0.00775193798449612	0.007874015748031496	1	f	495101	628274.1	35:-1:1	protag_article@3	year@2	https://en.wikipedia.org/wiki/UCI_Track_Cycling_World_Championships :Q639244	P279-1 :subclass of@en	https://en.wikipedia.org/wiki/1926_UCI_Track_Cycling_World_Championships :Q999777	0	1
0	1	926	8	115.75	2929	1	2	916	921	0.99457111834962	570	48	11875	921	575	0.0013308477852701746	0.001551581856891195	0.0008514450060390396	1.822292509658637	1	1	1.0	11	11	0	0	0.0	0.0	0.0	13	0.014038876889848811	13	0.014115092290988056	12	0.020869565217391306	0	0	1	1	0	0	1	1	0	0	9	40	1	1	916	921	570	48	921	575	13	12	1	926	0.020869565217391306	0.00107991360691145	0.014115092290988056	0	f	495438	78399.1	509:1:2	citi@3	state_countri@3	https://en.wikipedia.org/wiki/Austin,_Minnesota :Q780944	P36-1 :capital@en	https://en.wikipedia.org/wiki/Minnesota :Q1527	0	0
0	2	99	4	24.75	527	2	1	76	77	0.987012987012987	22	76	0.2894736842105263	76	76	0.12161208911540766	0.00650103995758481	0.07064224642631478	0.09202765039990465	1	1	1.0	11	11	0	0	0.10526315789473684	0.0	0.10526315789473684	1	0.010101010101010102	1	0.013157894736842105	1	0.013157894736842105	0	0	1	1	0	0	1	1	0	0	48884	150	1	0	76	77	22	76	76	76	1	1	1	99	0.013157894736842105	0.0101010101010101	0.013157894736842105	0	f	498492	212168.2	94:2:1	district@3	name@3	https://en.wikipedia.org/wiki/Butnan_District :Q25931	P131 :located in the administrative territorial entity@en	https://en.wikipedia.org/wiki/Bi%27r_al_Ashhab :Q4118353	0	0
0	1	1527	8	190875	6465	1	0	952	890	1.0696629213483146	285	838	0.34009546539379476	951	901	0.00014601298919320407	0.0006181908202146978	0.00035375590694809006	1.7475067075145994	1	1	1.0	9	29	0	1	0.8333333333333334	0.0	0.8333333333333334	521	0.3411918795022921	542	0.5699263932702419	516	0.5726970033296337	0	0	1	1	0	2	1	1	0	0	13	800	255	0	952	890	285	838	951	901	542	516	452	1527	0.5726970033296337	0.296005239030779	0.5699263932702419	1	f	506176	162756.1	1322:1:0	develop**develop@3	titl**titl@3	https://en.wikipedia.org/wiki/Namco :Q309996	P178-1 :developer@en	https://en.wikipedia.org/wiki/Taiko_no_Tatsujin_Wii:_Minna_de_Party_3_Daime :Q1198152	0	1
0	1	260	8	32.5	2362	7	4	196	184	1.065217391304348	139	82	1.6951219512195121	197	164	0.02007996400807119	0.001308219594274788	0.011057595168606408	0.11830959393313215	1	1	1.0	26	9	0	0	0.0	0.6	0.6	22	0.08461538461538462	22	0.1116751269035533	21	0.12804878048780488	0	0	1	1	18	0	1	1	0	0	14489	126	0	40	196	184	139	82	197	164	22	21	22	260	0.12804878048780488	0.0846153846153846	0.1116751269035533	0	f	526002	457606.1	247:7:4	detail@3	locat_citi@3	https://en.wikipedia.org/wiki/ISIS :Q2429253	P276 :location@en	https://en.wikipedia.org/wiki/Cairo :Q85	0	0
0	1	624	5	124.8	3548	1	0	819	623	1.3146067415730338	48	623	0.07704654895666131	819	819	6.967560740857458e-06	0.00015518658013727974	0.00012407705414812877	1.2507274709472955	1	1	1.0	25	11	0	0	0.0	0.0	0.0	62	0.09935897435897435	93	0.11355311355311355	93	0.11355311355311355	0	0	1	1	1	0	1	1	0	0	14	1254	0	0	819	623	48	623	819	819	93	93	62	624	0.11355311355311355	0.0993589743589744	0.11355311355311355	1	f	533278	644449.1	278:1:0	jr_east_line@3	station@3	https://en.wikipedia.org/wiki/%C5%8Cme_Line :Q385398	P1192-1 :connecting service@en	https://en.wikipedia.org/wiki/Kori_Station :Q844141	0	1
0	3	31	9	3.4444444444444446	696	8	5	30	30	1.0	3	6	0.5	25	12	5.67888963204683e-06	5.67888963204683e-06	7.304392250339808e-05	0.07774623045172091	1	1	1.0	55	67	0	0	0.0	0.0	0.0	7	0.22580645161290322	7	0.28	4	0.3333333333333333	0	0	0	1	0	13	1	1	0	0	195	195	0	33	30	30	3	6	25	12	7	4	7	31	0.3333333333333333	0.225806451612903	0.28	0	f	610758	656503.3	2:8:5	challeng_cup_winner@3	fastest_lap@3	https://en.wikipedia.org/wiki/Billy_Monger :Q29534108	P530-1 :diplomatic relation@en	https://en.wikipedia.org/wiki/Finland :Q33	0	1
0	1	50	10	5.0	170	7	2	46	46	1.0	12	35	0.34285714285714286	46	39	0.00012222717838820794	0.00013565993655631871	8.079353031788831e-05	1.679094056449252	1	1	1.0	9	41	0	1	0.0	0.0	0.0	1	0.02	1	0.021739130434782608	1	0.02564102564102564	0	0	1	1	0	7	1	1	0	0	17	30	0	0	46	46	12	35	46	39	1	1	1	50	0.02564102564102564	0.02	0.021739130434782608	0	f	621523	773903.1	49:7:2	2__polit_parti@3	2__prime_minist@3	https://en.wikipedia.org/wiki/Pheu_Thai_Party :Q1142913	P488 :chairperson@en	https://en.wikipedia.org/wiki/Yingluck_Shinawatra :Q57670	0	0
0	1	13	17	0.7647058823529411	22	1	2	7	7	1.0	6	6	1.0	7	6	0.0006539022992469924	3.475043617148657e-05	0.00041738363931130107	0.08325778228592312	1	1	1.0	10	10	0	0	0.0	0.0	0.0	1	0.07692307692307693	1	0.14285714285714285	1	0.16666666666666666	1	0	1	-1	0	0	1	1	0	0	6005	10	1	0	7	7	6	6	7	6	1	1	1	13	0.16666666666666666	0.0769230769230769	0.14285714285714285	1	f	622227	701837.1	12:1:2	2__spancol@3	3__spancol@3	https://en.wikipedia.org/wiki/Rubin_Tyumen :Q2171668	P118 :league@en	https://en.wikipedia.org/wiki/Vysshaya_Liga_(ice_hockey) :Q15101808	0	1
0	1	72	10	7.2	2214	3	1	72	72	1.0	59	72	0.8194444444444444	72	72	1.9810588062563365e-05	7.928603601665382e-06	3.9367055364852904e-05	0.20140199789349947	1	1	1.0	73	9	0	0	0.0	0.0	0.0	2	0.027777777777777776	2	0.027777777777777776	2	0.027777777777777776	0	0	1	1	17	0	1	1	0	0	10	78	0	0	72	72	59	72	72	72	2	2	1	72	0.027777777777777776	0.0138888888888889	0.027777777777777776	1	f	626485	1056083.1	36:3:1	over@3	year@2	https://en.wikipedia.org/wiki/Marino_Lejarreta :Q462255	P3494-1 :points classification@en	https://en.wikipedia.org/wiki/1982_Vuelta_a_Espa%C3%B1a :Q1051050	0	1
0	1	403	71	5.676056338028169	36300	44	54	40	40	1.0	20	20	1.0	40	20	0.0019807093361251336	0.0019673639454898238	0.0011778927711646402	1.6702402745409455	1	1	1.0	50	49	1	1	0.0	0.0	0.0	18	0.04466501240694789	18	0.45	9	0.45	0	0	1	1	9	9	1	1	1	1	30	27	1	1	40	40	20	20	40	20	18	9	1	403	0.45	0.00248138957816377	0.45	0	f	742751	604675.1	371:44:54	39__spancol@3	49__spancol@3	https://en.wikipedia.org/wiki/Prince_Kuni_Kuniyoshi :Q1038766	P26 :spouse@en	https://en.wikipedia.org/wiki/Toshiko_Higashikuni :Q7827709	0	1
0	1	403	71	5.676056338028169	36300	34	58	30	30	1.0	15	15	1.0	30	15	0.0018868110802475594	0.001867721274330602	0.002659329704636019	0.7023278351212325	1	1	1.0	49	49	1	1	0.0	0.0	0.0	2	0.004962779156327543	2	0.06666666666666667	1	0.06666666666666667	0	0	1	1	8	8	1	1	1	1	69	68	12	3	30	30	15	15	30	15	2	1	2	403	0.06666666666666667	0.00496277915632754	0.06666666666666667	0	f	742751	604675.1	209:34:58	29__spancol@3	53__spancol@3	https://en.wikipedia.org/wiki/Fujiwara_no_Kenshi_(Sanj%C5%8D) :Q5507521	P3373-1 :sibling@en	https://en.wikipedia.org/wiki/Fujiwara_no_Teishi :Q1190972	0	0
0	4	28	8	3.5	814	2	1	27	26	1.0384615384615385	18	21	0.8571428571428571	26	26	0.002390834376974916	0.002386247581502878	0.005854168022996836	0.4076151508000828	1	1	1.0	108	99	0	0	0.0	0.0	0.0	1	0.03571428571428571	1	0.038461538461538464	1	0.038461538461538464	1	0	1	1	16	7	1	1	0	0	76	76	20	2	27	26	18	21	26	26	1	1	1	28	0.038461538461538464	0.0357142857142857	0.038461538461538464	0	f	1026007	1019689.4	5:2:1	2015@3	2017@3	https://en.wikipedia.org/wiki/United_States :Q30	P47-1 :shares border with@en	https://en.wikipedia.org/wiki/Mongolia :Q711	0	0
