2	3	4	5	6	7	8	9	10	11	12	13	14	15	16	17	18	19	20	24	25	26	27	28	29	30	31	32	33	34	35	36	37	38	39	40	41	42	43	44	45	46	47	48	49	50	51	52	53	54	55	56	57	58	59	60	61	62	63	VALIDATION	ORIGIN	CLUSTER	TABLE	CELL	NAME_COL1	NAME_COL2	ENTITY_COL1	PREDICATE	ENTITY_COL2
6	8	6	1,3333333333	17	1	2	2	2	1	2	2	1	2	2	9,7633E-06	1,07025E-05	6,0592E-06	1,7663210392	10	10	0	0	0	0	0	0	0	0	0	0	0	1	2	1	1	0	0	1	1	0	0	3	14	0	0	94758	95750	707	20399	96276	24023	11	4	11	646277	0,0001665071	1,70206E-05	0	3	t	0	327742.6	2:1:2	2__parti@3	candid@3	https://en.wikipedia.org/wiki/Conservative_Party_(UK) :Q9626	P3975 :secretary general@en	https://en.wikipedia.org/wiki/Tim_Collins_(politician) :Q5611004
69	10	6	1,6666666667	37	-1	2	9	10	0,9	1	8	0,125	10	8	4,97121E-05	3,45102E-05	0,000196502	0,1756225505	0	17	0	1	0	0,7272727273	0,7272727273	0	0	0	0	0	0	1	2	0	1	0	0	-1	1	0	0	988	58	0	0	278888	297235	9914	20954	297201	80183	40	30	40	646277	0,0003741441	0,000061893	0	3	t	0	480725.69	6:-1:2	protag_article@3	candid@3	https://en.wikipedia.org/wiki/Berkshire_(UK_Parliament_constituency) :Q4892238	P726 :candidate@en	https://en.wikipedia.org/wiki/John_Walter_(third) :Q1702099
3	9	6	1,5	16	-1	1	8	8	1	1	7	0,1428571429	8	7	0,0212308128	0,0034896558	0,0162061679	0,2153288704	0	10	0	0	0,1333333333	0,5714285714	0,5714285714	0	0	0	0	0	0	1	2	1	1	0	0	-1	1	0	0	32274	104	0	4	535181	553582	9961	1429	553566	77315	3	1	3	646277	1,29341E-05	0,000004642	0	3	t	0	994523.3	2:-1:1	protag_article@3	2__parti@3	https://en.wikipedia.org/wiki/Cressington_(ward) :Q5184508	P361 :part of@en	https://en.wikipedia.org/wiki/Labour_Party_(UK) :Q9630
4	18	6	3	32	-1	2	4	4	1	1	2	0,5	4	2	0,0058041528	0,0001405307	0,0034919661	0,0402439975	0	22	0	1	0,1290322581	0	0,1290322581	0	0	0	0	0	0	1	2	0	1	0	4	-1	1	0	1	23659	10	0	2706	120279	131755	10723	15854	131139	46935	465	185	462	368098	0,0039416214	0,0012551005	1	2	t	1	962072.4	32:-1:2	protag_article@3	candid@3	https://en.wikipedia.org/wiki/Haringey_London_Borough_Council_election,_2014 :Q16931202	P102 :member of political party@en	https://en.wikipedia.org/wiki/Labour_Party_(UK) :Q9630
1	13	4	3,25	78	3	2	13	13	1	13	4	3,25	13	13	0,0055794217	5,4605E-06	0,0031061523	0,0017579533	10	9	0	0	0,1818181818	0,1875	0,1875	0	0	0	0	0	0	1	2	1	1	0	0	1	1	0	0	58817	6	0	0	605093	406086	80362	21	605095	97620	293154	58841	293146	549029	0,6027555829	0,5339353659	2	1	t	2	498985.1	6:3:2	player@3	posit@3	https://en.wikipedia.org/wiki/Michael_Speechley :Q6834522	P413 :position played on team / speciality@en	https://en.wikipedia.org/wiki/Five-eighth :Q11311945
2	15	4	3,75	81	-1	3	12	12	1	1	12	0,0833333333	12	12	3,3637E-06	3,6039E-06	0,000001988	1,8128372538	0	23	0	0	0	0	0	0	0	0	0	0	0	1	2	0	1	0	0	-1	1	0	0	2	5	0	0	408201	607805	9794	81307	607304	306290	9	9	9	549029	2,93839E-05	1,63926E-05	2	3	t	2	735739.2	11:-1:3	protag_article@3	player@3	https://en.wikipedia.org/wiki/2016_FC_BATE_Borisov_season :Q25380996	P634 :captain@en	https://en.wikipedia.org/wiki/Yury_Kendysh :Q8061792
1	6	4	1,5	36	-1	1	6	6	1	1	6	0,1666666667	6	6	0,0004073074	0,0075527703	0,0087431528	0,8638497478	0	54	0	0	0	0	0	0	0	0	0	0	0	1	2	0	1	0	0	-1	1	0	0	78	29069	0	0	66143	121982	5377	28841	121874	68313	7	5	7	75602	7,31925E-05	9,25901E-05	14	1	t	14	498661.1	5:-1:1	protag_article@3	gold@3	https://en.wikipedia.org/wiki/1975_World_Judo_Championships :Q2593911	P166-1 :award received@en	https://en.wikipedia.org/wiki/Sumio_Endo :Q7637139
2	7	4	1,75	7	-1	1	7	7	1	1	7	0,1428571429	7	7	0,0001613023	0,000069348	0,0002239768	0,3096213153	0	16	0	1	0	0	0	0	0	0	0	0	0	1	2	1	1	0	0	-1	1	0	0	199	119	0	0	46849	47098	5566	31712	47096	46049	268	247	267	75345	0,0053638515	0,003543699	23	2	t	23	642184.2	1:-1:1	protag_article@3	titl@3	https://en.wikipedia.org/wiki/Pituka_de_Foronda :Q6077027	P725-1 :voice actor@en	https://en.wikipedia.org/wiki/La_desconocida :Q21646341
1	11	6	1,8333333333	9	-1	1	6	6	1	1	6	0,1666666667	6	6	0,0058041528	0,0001405307	0,0034919661	0,0402439975	0	10	0	0	0,1290322581	0,1739130435	0,1739130435	1	0,0909090909	1	0,1666666667	1	0,1666666667	1	0	1	1	0	0	-1	1	0	0	23659	10	1	126	35012	35885	1786	281	35884	12984	1489	563	1488	48867	0,0433610598	0,0304499969	25	1	f	25	606613.1	3:-1:1	protag_article@3	2__parti@3	https://en.wikipedia.org/wiki/Yolande_James :Q3572491	P102 :member of political party@en	https://en.wikipedia.org/wiki/Parti_Qu%C3%A9b%C3%A9cois :Q950356
1	13	3	4,3333333333	11	-1	1	8	11	0,7272727273	1	11	0,0909090909	11	11	0,0060814137	0,0011855337	0,0034563608	0,3430005736	0	34	0	0	0	0	0	0	0	0	0	0	0	1	2	1	1	0	26	-1	1	0	0	621	56	1	15	4656	5774	1138	4318	5751	5220	29	17	29	45589	0,003256705	0,0006361184	27	2	t	27	36162.1	11:-1:1	protag_article@3	titl@3	https://en.wikipedia.org/wiki/El_Regreso_del_Sobreviviente :Q15983786	P175 :performer@en	https://en.wikipedia.org/wiki/Franco_de_Vita :Q1442690
1	25	15	1,6666666667	71	-1	1	12	12	1	1	12	0,0833333333	12	12	0,0035891238	0,0005451734	0,0027313618	0,1995976549	0	10	0	0	0	0	0	0	0	0	0	0	0	1	2	1	1	0	0	-1	1	0	0	9175	69	0	0	48121	48144	5997	2484	48144	46688	1	1	1	123721	2,14188E-05	8,0827E-06	28	1	t	28	202498.1	21:-1:1	protag_article@3	2__spancol@3	https://en.wikipedia.org/wiki/Jeff_Cowan :Q1686287	P463 :member of@en	https://en.wikipedia.org/wiki/Peoria_Rivermen_(AHL) :Q968778
1	24	15	1,6	61	-1	1	7	7	1	1	6	0,1666666667	7	6	0,0035891238	0,0005451734	0,0027313618	0,1995976549	0	10	0	0	0	0	0	0	0	0	0	0	0	1	2	1	1	0	0	-1	1	0	0	9175	69	0	0	48121	48144	5997	2484	48144	46688	1	1	1	123721	2,14188E-05	8,0827E-06	28	1	t	28	682243.1	3:-1:1	protag_article@3	2__spancol@3	https://en.wikipedia.org/wiki/Daniel_Rydmark :Q449169	P463 :member of@en	https://en.wikipedia.org/wiki/F%C3%A4rjestad_BK :Q1122553
2	10	4	2,5	30	-1	1	10	10	1	1	10	0,1	10	10	1,2231E-06	8,0378E-06	5,0355E-06	1,5962422275	0	155	0	0	0	0	0	3	0,3	3	0,3	3	0,3	1	0	1	1	0	11	-1	1	0	0	4	10	10	0	42749	43888	1197	3785	43888	20036	209	54	168	45811	0,0026951487	0,0036672415	36	2	f	36	289112.2	8:-1:1	protag_article@3	rider@3	https://en.wikipedia.org/wiki/2018_Setmana_Ciclista_Valenciana :Q47505580	P4322 :best sprinter classification@en	https://en.wikipedia.org/wiki/Abby-Mae_Parkinson :Q26255737
3	10	4	2,5	30	-1	1	10	10	1	1	10	0,1	10	10	1,2231E-06	8,0378E-06	5,0355E-06	1,5962422275	0	197	0	0	0	0	0	0	0	0	0	0	0	1	2	1	1	0	11	-1	1	0	0	4	10	0	0	42749	43888	1197	3785	43888	20036	209	54	168	45811	0,0026951487	0,0036672415	36	2	t	36	511031.3	1:-1:1	protag_article@3	rider@3	https://en.wikipedia.org/wiki/2016_Giro_del_Trentino :Q23691294	P4322 :best sprinter classification@en	https://en.wikipedia.org/wiki/Valerio_Agnoli :Q938918
5	26	5	5,2	68	-1	1	21	21	1	1	21	0,0476190476	21	21	0,00007625	2,91152E-05	4,99975E-05	0,5823340749	0	11	0	0	0	0	0	0	0	0	0	0	0	1	2	1	1	0	0	-1	1	0	0	57	217	0	0	19332	20690	1695	9960	20690	18005	1	1	1	30968	5,55401E-05	3,22914E-05	47	2	t	47	949960.5	22:-1:1	protag_article@3	name@3	https://en.wikipedia.org/wiki/2010_European_Athletics_Championships_%E2%80%93_Men%27s_10,000_metres :Q654911	P2522-1 :victory@en	https://en.wikipedia.org/wiki/Kemal_Koyuncu :Q1738451
4	10	4	2,5	30	1	2	10	10	1	10	6	1,6666666667	10	10	0,0071338212	0,0006410811	0,0133908223	0,0478746636	161	11	0	0	0	0,2222222222	0,2222222222	5	0,5	5	0,5	5	0,5	1	0	1	1	11	0	1	1	0	0	1966	32	1	14	22604	22556	1868	304	22605	2884	18054	1731	17992	24777	0,6002080444	0,7261573233	71	1	f	71	158834.4	9:1:2	rider@3	team@3	https://en.wikipedia.org/wiki/Stephen_Roche :Q356473	P54 :member of sports team@en	https://en.wikipedia.org/wiki/Carrera_(cycling_team) :Q247013
1	1	4	0,25	9	-1	1	1	1	1	1	1	1	1	1	0,2055602751	3,29376E-05	0,1123884671	0,0002930689	0	118	0	0	0	0	0	0	0	0	0	0	0	1	2	1	1	0	9	-1	1	0	0	846719	70	0	717475	22455	49291	384	18836	49288	29793	7	1	7	25415	3,35649E-05	0,0002754279	75	2	t	75	1023779.1	1:-1:1	protag_article@3	gold@3	https://en.wikipedia.org/wiki/Softball_at_the_World_Games :Q7554093	P17 :country@en	https://en.wikipedia.org/wiki/United_States :Q30
1	42	4	10,5	412	0	2	40	40	1	40	29	1,3793103448	40	40	0,000505028	0,0006027923	0,0007527833	0,8007513804	9	146	0	0	0	0	0	0	0	0	0	0	0	1	2	0	1	0	11	1	1	0	0	219	413	0	0	30650	45470	9546	20472	68355	48834	3	1	3	25415	2,04775E-05	0,0001180405	75	3	t	75	1050960.1	31:0:2	game@3	silver@3	https://en.wikipedia.org/wiki/2002_ICF_Canoe_Sprint_World_Championships :Q907749	P1346 :winner@en	https://en.wikipedia.org/wiki/Caroline_Brunet :Q1093204
3	9	2	4,5	27	0	1	9	9	1	9	9	1	9	9	0,067402741	0,0002207778	0,0497066631	0,0044416129	11	11	0	0	0	0	0	0	0	0	0	0	0	1	2	1	1	0	0	1	1	0	0	423238	28	1	0	1941	1936	943	173	1955	1120	4	4	4	16788	0,0035714286	0,0002382654	102	2	t	102	910800.3	5:0:1	name@3	posit@3	https://en.wikipedia.org/wiki/Dave_Parker :Q26038	P106 :occupation@en	https://en.wikipedia.org/wiki/Right_fielder :Q1149560
9	7	4	1,75	66	2	0	7	7	1	7	3	2,3333333333	7	7	0,0212308128	0,0034896558	0,0162061679	0,2153288704	10	10	0	0	0	0	0	1	0,1428571429	1	0,1428571429	1	0,1428571429	0	0	1	1	0	0	1	1	0	0	32274	104	0	15	11523	11523	89	3	11523	97	1243	4	987	12952	0,0412371134	0,0762044472	107	1	f	107	985763.9	6:2:0	leagu@3	level@3	https://en.wikipedia.org/wiki/Nebraska_State_League :Q6984785	P361 :part of@en	https://en.wikipedia.org/wiki/Class_D_(baseball) :Q84129
3	58	5	11,6	125	-1	3	32	36	0,8888888889	1	10	0,1	36	10	0,0014114443	0,0001833845	0,0008122565	0,2257715985	0	10	0	0	0	0,0869565217	0,0869565217	0	0	0	0	0	0	1	2	1	1	0	0	-1	1	0	0	503	23	0	0	7110	7662	967	2464	7658	3860	11	10	11	13986	0,0025906736	0,0007865008	169	2	t	169	869001.3	37:-1:3	protag_article@3	recipi@3	https://en.wikipedia.org/wiki/Hannah_Montana :Q126631	P344 :director of photography@en	https://en.wikipedia.org/wiki/Moises_Arias :Q310429
1	10	4	2,5	30	1	2	10	10	1	10	7	1,4285714286	10	10	0,0071338212	0,0006410811	0,0133908223	0,0478746636	147	10	0	0	0	0,2222222222	0,2222222222	5	0,5	5	0,5	5	0,5	1	0	1	1	11	0	1	1	0	0	1966	32	2	11	13442	13453	2637	322	13468	4383	6265	1795	6257	19837	0,4095368469	0,3154206785	184	1	f	184	171426.1	4:1:2	rider@3	team@3	https://en.wikipedia.org/wiki/Jean-Luc_Vandenbroucke :Q1340813	P54 :member of sports team@en	https://en.wikipedia.org/wiki/Kas_(cycling_team) :Q1734763
10	6	3	2	36	0	2	6	6	1	6	3	2	6	6	0,0071338212	0,0006410811	0,0133908223	0,0478746636	11	10	0	0	0	0,2222222222	0,2222222222	1	0,1666666667	1	0,1666666667	1	0,1666666667	1	0	1	1	0	0	1	1	0	0	1966	32	0	0	4049	4051	2226	345	4051	2310	693	498	693	8850	0,2155844156	0,0783050847	195	1	f	195	365572.10	4:0:2	player@3	team@3	https://en.wikipedia.org/wiki/Joe_Cavanagh :Q6209044	P54 :member of sports team@en	https://en.wikipedia.org/wiki/Harvard_Crimson_men%27s_ice_hockey :Q5676342
12	23	6	3,8333333333	141	5	2	23	24	0,9583333333	21	24	0,875	24	24	0,0006410811	0,0071338212	0,0133908223	0,5327395869	55	10	0	0	0	0	0	11	0,4782608696	11	0,4583333333	11	0,4583333333	1	0	1	1	0	0	1	1	0	0	32	1966	3	1	15181	15782	1917	9592	15783	11908	9029	6918	9029	16940	0,5809539805	0,5329988194	284	1	f	284	214510.12	3:5:2	club@3	player@3	https://en.wikipedia.org/wiki/AS_Togo-Port :Q1934968	P54-1 :member of sports team@en	https://en.wikipedia.org/wiki/Hakim_Ouro-Sama :Q28222909
17	10	2	5	30	1	0	10	10	1	10	9	1,1111111111	10	10	3,61483E-05	4,35527E-05	0,000024963	1,7446891803	10	10	0	0	0	0	0	0	0	0	0	0	0	1	2	1	0	0	0	1	1	0	0	7	11	0	0	1097	796	618	424	1099	1007	1	1	1	12311	0,0009930487	8,12282E-05	304	1	t	304	233503.17	7:1:0	winner@3	year@2	https://en.wikipedia.org/wiki/Henrik_Lundqvist :Q362157	P3279-1 :statistical leader@en	https://en.wikipedia.org/wiki/2005%E2%80%9306_New_York_Rangers_season :Q4605484
1	34	3	11,3333333333	127	1	2	22	46	0,4782608696	10	33	0,303030303	46	33	1,6818E-06	2,0531E-06	1,3452E-06	1,5263029879	87	10	0	0	0	0	0	0	0	0	0	0	0	1	2	1	0	1	0	1	1	0	0	3	7	2	0	5638	12299	320	3566	12331	4241	171	8	84	12121	0,0018863476	0,0069301213	464	4	t	464	93253.1	12:1:2	country,_territori_or_sea@3	note@3	https://en.wikipedia.org/wiki/Russia :Q159	P500-1 :exclave of@en	https://en.wikipedia.org/wiki/Khabarovsk_Krai :Q7788
1	37	8	4,625	319	2	3	25	22	1,1363636364	23	4	5,75	25	25	0,0055794217	5,4605E-06	0,0031061523	0,0017579533	86	54	1	0	0,1818181818	0,0666666667	0,1818181818	8	0,2162162162	8	0,32	8	0,32	0	0	1	1	15	5	1	1	0	0	58817	6	0	3262	10675	9769	4175	5	10985	4431	6006	2325	5998	11106	0,5247122546	0,5400684315	589	1	f	589	362765.1	28:2:3	player@3	pos@3	https://en.wikipedia.org/wiki/Tom%C3%A1%C5%A1_Matou%C5%A1ek :Q7820617	P413 :position played on team / speciality@en	https://en.wikipedia.org/wiki/Winger_(ice_hockey) :Q2827965
1	11	10	1,1	19	-1	0	8	8	1	1	3	0,3333333333	8	3	0,0071338212	0,0006410811	0,0133908223	0,0478746636	0	9	0	0	0	0	0	6	0,5454545455	6	0,75	2	0,6666666667	1	0	1	1	0	0	-1	1	0	1	1966	32	10	253	4627	4629	352	631	4627	1347	3458	944	3458	5260	0,7008166295	0,6574144487	701	1	f	701	362223.1	8:-1:0	protag_article@3	club**club@3	https://en.wikipedia.org/wiki/Kerem_Bulut :Q1374883	P54 :member of sports team@en	https://en.wikipedia.org/wiki/Kar%C5%9F%C4%B1yaka_SK :Q176795
2	180	7	25,7142857143	389	4	5	105	105	1	105	31	3,3870967742	105	105	0,0071338212	0,0006410811	0,0133908223	0,0478746636	10	10	0	0	0	0,2222222222	0,2222222222	59	0,3277777778	59	0,5619047619	59	0,5619047619	0	0	1	1	0	0	1	1	0	0	1966	32	1	744	7974	7974	7835	75	7974	7954	4496	4488	4491	14207	0,5642444053	0,3161117759	1390	1	f	1390	165233.2	6:4:5	player@3	team@3	https://en.wikipedia.org/wiki/Marquis_Flowers :Q6772662	P54 :member of sports team@en	https://en.wikipedia.org/wiki/Cincinnati_Bengals :Q223511
1	697	5	139,4	3972	2	1	601	601	1	155	552	0,2807971014	601	561	0,0006410811	0,0071338212	0,0133908223	0,5327395869	9	112	0	0	0	0	0	153	0,2195121951	153	0,2545757072	145	0,2584670232	0	0	1	1	0	19	1	1	0	0	32	1966	725	10	29598	29467	1721	13268	29592	21322	9906	7780	9897	32851	0,3648813432	0,3012693678	1559	1	f	1559	227567.1	486:2:1	move_from@3	name@3	https://en.wikipedia.org/wiki/Brighton_%26_Hove_Albion_FC :Q19453	P54-1 :member of sports team@en	https://en.wikipedia.org/wiki/Jeffrey_Monakana :Q6176174
1	20	5	4	114	-1	4	17	17	1	1	4	0,25	17	4	0,0071338212	0,0006410811	0,0133908223	0,0478746636	0	10	0	0	0	0,2222222222	0,2222222222	0	0	0	0	0	0	1	2	1	1	0	0	-1	1	0	0	1966	32	0	0	1782	1822	117	248	1822	562	101	21	99	3432	0,037366548	0,0288461538	1900	1	t	1900	802352.1	14:-1:4	protag_article@3	team@3	https://en.wikipedia.org/wiki/Mark_Winterbottom :Q6244605	P54 :member of sports team@en	https://en.wikipedia.org/wiki/Ford_Performance_Racing :Q5467893
3	1	10	0,1	27	0	1	1	1	1	1	1	1	1	1	0,0001933662	0,0007561005	0,0004937488	1,5313463781	38	10	1	0	0	0	0	0	0	0	0	0	0	0	2	1	1	22	0	1	1	0	0	7	734	33	0	372	372	24	134	371	133	298	102	296	372	0,7669172932	0,7956989247	2726	1	t	2726	945398.3	1:0:1	edit@3	stage@3	https://en.wikipedia.org/wiki/2014_Fed_Cup :Q13785326	P1269-1 :facet of@en	https://en.wikipedia.org/wiki/2014_Fed_Cup_World_Group_Play-offs :Q15875189
17	10	4	2,5	30	1	2	10	10	1	10	7	1,4285714286	10	10	0,0071338212	0,0006410811	0,0133908223	0,0478746636	148	10	0	0	0	0,2222222222	0,2222222222	5	0,5	5	0,5	5	0,5	1	0	1	1	11	0	1	1	0	0	1966	32	0	77	315	315	200	71	315	217	201	133	201	370	0,6129032258	0,5432432432	4051	1	f	4051	56993.17	8:1:2	cyclist@3	team@3	https://en.wikipedia.org/wiki/Olivier_Kaisen :Q947020	P54 :member of sports team@en	https://en.wikipedia.org/wiki/Lotto%E2%80%93Soudal :Q841014
1	349	3	116,3333333333	1344	0	1	100	100	1	100	7	14,2857142857	100	100	0,0058041528	0,0001405307	0,0034919661	0,0402439975	39	11	0	0	0	0,1739130435	0,1739130435	82	0,2349570201	82	0,82	82	0,82	0	0	1	1	1	0	1	1	0	0	23659	10	0	325	985	967	804	79	985	820	580	512	570	2625	0,6243902439	0,2171428571	4400	1	f	4400	706212.1	38:0:1	name@3	parti@3	https://en.wikipedia.org/wiki/Gunnar_Bj%C3%B6rk :Q16009205	P102 :member of political party@en	https://en.wikipedia.org/wiki/Centre_Party_(Sweden) :Q110832
2	36	38	0,9473684211	6576	19	0	17	17	1	10	17	0,5882352941	17	17	0,0212308128	0,0034896558	0,0162061679	0,2153288704	32	10	1	0	0	0	0	1	0,0277777778	1	0,0588235294	1	0,0588235294	1	0	1	1	2	0	1	1	0	1	32274	104	0	4	433	433	12	25	433	25	20	1	20	757	0,04	0,0264200793	6575	3	f	6575	178296.2	16:19:0	16@3	year@2	https://en.wikipedia.org/wiki/1979_Gabriel_400 :Q4578698	P361 :part of@en	https://en.wikipedia.org/wiki/1979_NASCAR_Winston_Cup_Series :Q1828733
5	20	13	1,5384615385	120	6	2	20	20	1	7	20	0,35	20	20	0,0006410811	0,0071338212	0,0133908223	0,5327395869	56	11	0	0	0	0	0	1	0,05	1	0,05	1	0,05	0	0	1	1	0	0	1	1	0	0	32	1966	94	1	420	420	208	420	420	420	236	236	235	643	0,5619047619	0,365474339	6908	1	f	6908	796438.5	14:6:2	club@3	player@3	https://en.wikipedia.org/wiki/Accra_Hearts_of_Oak_SC :Q339560	P54-1 :member of sports team@en	https://en.wikipedia.org/wiki/Mohammed_Dramani_Kalilu :Q5624435
3	18	6	3	91	1	2	13	13	1	12	8	1,5	13	12	0,0071338212	0,0006410811	0,0133908223	0,0478746636	73	9	0	0	0	0	0	2	0,1111111111	2	0,1538461538	2	0,1666666667	0	0	1	1	18	0	1	1	0	0	1966	32	6	0	844	842	683	262	850	697	156	112	156	1003	0,1606886657	0,1555333998	7651	1	f	7651	100356.3	9:1:2	player@3	school@3	https://en.wikipedia.org/wiki/Chris_Salvaggione :Q5107967	P54 :member of sports team@en	https://en.wikipedia.org/wiki/Charlotte_49ers_men%27s_soccer :Q5085817
2	102	7	14,5714285714	1012	2	1	102	102	1	17	13	1,3076923077	102	50	3,29376E-05	0,2055602751	0,1123884671	1,829015738	86	28	0	0	0	0	0	31	0,3039215686	31	0,3039215686	9	0,18	1	0	1	1	1	6	1	1	0	0	70	846719	99290	1	657	657	53	63	657	252	290	37	290	664	0,1468253968	0,436746988	30244	1	f	30244	81483.2	65:2:1	nation@3	year@1	https://en.wikipedia.org/wiki/Brazil :Q155	P17-1 :country@en	https://en.wikipedia.org/wiki/2010%E2%80%9311_Portuguese_Liga :Q925634
1	20	5	4	103	0	2	17	17	1	17	15	1,1333333333	17	17	0,0002825684	0,0003374571	0,0002078228	1,6237730867	10	10	0	0	0	0	0	6	0,3	6	0,3529411765	6	0,3529411765	0	0	1	1	0	0	1	1	0	0	38	147	6	1	87	87	87	82	86	86	24	24	8	132	0,2790697674	0,0606060606	32770	3	f	32770	395050.1	10:0:2	club@3	stadium@3	https://en.wikipedia.org/wiki/Juventus_FC :Q1422	P466-1 :occupant@en	https://en.wikipedia.org/wiki/Stadio_Olimpico_Grande_Torino :Q214629
46	9	8	1,125	54	1	0	9	9	1	9	5	1,8	9	9	0,00650104	0,1216120891	0,0706422464	1,7215206943	10	10	0	0	0,1363636364	0	0,1363636364	1	0,1111111111	1	0,1111111111	1	0,1111111111	0	0	1	1	0	0	1	1	0	0	150	48884	0	0	32	32	31	11	32	31	4	3	4	32	0,0967741935	0,125	44641	3	f	44641	822465.46	3:1:0	locat@3	school@3	https://en.wikipedia.org/wiki/Holton,_Indiana :Q2548455	P131-1 :located in the administrative territorial entity@en	https://en.wikipedia.org/wiki/South_Ripley_Junior/Senior_High_School :Q159334
2	63	4	15,75	151	0	1	44	44	1	44	5	8,8	44	44	0,0058041528	0,0001405307	0,0034919661	0,0402439975	11	81	0	0	0	0,1379310345	0,1379310345	25	0,3968253968	25	0,5681818182	25	0,5681818182	0	0	1	1	0	7	1	1	0	0	23659	10	0	26	226	226	104	9	226	113	130	58	130	315	0,5132743363	0,4126984127	44944	1	f	44944	559189.2	50:0:1	name@3	nation_parti@3	https://en.wikipedia.org/wiki/S%C3%B3lveig_P%C3%A9tursd%C3%B3ttir :Q546985	P102 :member of political party@en	https://en.wikipedia.org/wiki/Independence_Party_(Iceland) :Q218303
3	500	16	31,25	2316	4	3	272	272	1	16	272	0,0588235294	272	272	6,9676E-06	0,0004296735	0,0002535467	1,6946524603	86	70	0	0	0	0	0	20	0,04	20	0,0735294118	20	0,0735294118	0	0	1	1	1	15	1	1	0	0	4	2387	214	0	763	763	21	762	763	762	90	90	8	1340	0,1181102362	0,0059701493	47883	3	f	47883	935040.3	460:4:3	nation@3	player@3	https://en.wikipedia.org/wiki/Sweden :Q34	P1532-1 :country for sport@en	https://en.wikipedia.org/wiki/Carl_Dahlstr%C3%B6m :Q15737254
1	865	6	144,1666666667	2271	0	1	715	715	1	715	31	23,064516129	715	715	0,0071338212	0,0006410811	0,0133908223	0,0478746636	9	99	0	0	0	0	0	72	0,0832369942	72	0,1006993007	72	0,1006993007	0	0	1	1	0	1	1	1	0	0	1966	32	12	1203	1277	1277	1270	49	1277	1270	150	150	150	1429	0,1181102362	0,1049685094	58534	1	f	58534	1029788.1	488:0:1	name@3	nation@3	https://en.wikipedia.org/wiki/Lee_Makel :Q5972919	P54 :member of sports team@en	https://en.wikipedia.org/wiki/England_national_football_team :Q47762
55	68	7	9,7142857143	342	1	0	46	46	1	46	46	1	46	46	0,000114648	0,0001345242	9,99592E-05	1,3457903045	118	10	0	0	0	0	0	3	0,0441176471	3	0,0652173913	3	0,0652173913	0	0	1	1	17	0	1	1	0	0	45	45	1	1	133	133	115	77	133	132	11	11	8	238	0,0833333333	0,0336134454	66052	1	f	66052	1016112.55	17:1:0	outgo_manag@3	team@3	https://en.wikipedia.org/wiki/Graham_Alexander :Q553382	P286-1 :head coach@en	https://en.wikipedia.org/wiki/Fleetwood_Town :Q48941
1	1068	8	133,5	5646	7	0	66	61	1,0819672131	47	48	0,9791666667	65	58	0,0011554575	0,0088434946	0,0048910858	1,8080841162	9	9	0	0	0	0	0	4	0,0037453184	4	0,0615384615	4	0,0689655172	0	0	1	1	0	0	1	1	0	0	11	39785	3	0	147	135	82	94	142	116	8	8	8	2497	0,0689655172	0,0032038446	81677	1	f	81677	121648.1	1014:7:0	artist@3	name@3	https://en.wikipedia.org/wiki/Dick_Dillin :Q267992	P170-1 :creator@en	https://en.wikipedia.org/wiki/Aurakles :Q762480
1	14	10	1,4	16	-1	0	10	10	1	1	4	0,25	10	4	0,0071338212	0,0006410811	0,0133908223	0,0478746636	0	9	0	0	0	0	0	6	0,4285714286	6	0,6	2	0,5	1	0	1	1	0	0	-1	1	0	1	1966	32	14	25	24	24	3	11	24	11	18	7	18	30	0,6363636364	0,6	94190	1	f	94190	7101.1	3:-1:0	protag_article@3	club**club@3	https://en.wikipedia.org/wiki/Daniel_Rodrigo_de_Oliveira :Q14668726	P54 :member of sports team@en	https://en.wikipedia.org/wiki/KFC_Vigor_Wuitens_Hamme :Q658768
2	36	5	7,2	237	0	3	36	36	1	36	5	7,2	36	36	0,0001356599	0,0001222272	8,07935E-05	1,5128337369	66	9	0	0	0	0	0	2	0,0555555556	2	0,0555555556	2	0,0555555556	0	0	1	1	10	0	1	1	0	0	30	17	0	0	80	80	80	9	80	80	2	2	1	85	0,025	0,0117647059	180559	3	f	180559	998035.2	27:0:3	name@3	parti@3	https://en.wikipedia.org/wiki/Mo_Mowlam :Q262727	P488-1 :chairperson@en	https://en.wikipedia.org/wiki/Labour_Party_(UK) :Q9630
5	46	11	4,1818181818	758	10	4	46	43	1,0697674419	11	14	0,7857142857	46	23	0,0001251758	3,8879E-06	6,93536E-05	0,0560584217	33	10	0	0	0	0,7826086957	0,7826086957	1	0,0217391304	1	0,0217391304	1	0,0434782609	0	0	1	1	25	0	1	1	0	0	554	4	0	51	46	43	11	14	46	23	1	1	1	46	0,0434782609	0,0217391304	214250	4	f	214250	632829.5	4:10:4	note@3	wheel_arrang@2	https://en.wikipedia.org/wiki/Chosen_Government_Railway :Q495863	P2978 :wheel arrangement@en	https://en.wikipedia.org/wiki/4-8-2 :Q1473477
1	2096	10	209,6	20329	2	3	1914	1879	1,0186269292	492	145	3,3931034483	1622	791	0,0004815917	0,002673796	0,0016002881	1,6708216714	10	10	0	0	0	0	0	14	0,0066793893	16	0,009864365	2	0,002528445	0	0	1	1	0	0	1	1	0	0	25	10308	0	1	1914	1879	492	145	1622	791	16	2	1	2096	0,002528445	0,0004770992	244672	2	f	244672	952818.1	1868:2:3	develop**develop@3	publish**publish@3	https://en.wikipedia.org/wiki/Neversoft :Q970264	P127-1 :owned by@en	https://en.wikipedia.org/wiki/Activision :Q200491
1	2096	10	209,6	20329	2	0	1803	1740	1,0362068966	475	1658	0,2864897467	1859	1781	1,8784E-06	0,000003036	1,7737E-06	1,7116693582	10	17	0	1	0	0	0	4	0,0019083969	4	0,0021516945	4	0,0022459293	0	0	1	1	0	0	1	1	0	0	5	19	0	0	1803	1740	475	1658	1859	1781	4	4	4	2096	0,0022459293	0,0019083969	244672	1	f	244672	952818.1	415:2:0	develop**develop@3	titl**titl@3	https://en.wikipedia.org/wiki/Techland :Q2066242	P943-1 :programmer@en	https://en.wikipedia.org/wiki/Dead_Island :Q1180815
1	2096	10	209,6	20329	3	0	1869	1841	1,0152091255	142	1740	0,0816091954	1922	1832	0,0011554575	0,0088434946	0,0048910858	1,8080841162	10	17	0	1	0	0	0	2	0,0009541985	2	0,0010405827	2	0,0010917031	0	0	1	1	0	0	1	1	0	0	11	39785	0	0	1869	1841	142	1740	1922	1832	2	2	1	2096	0,0010917031	0,0004770992	244672	2	f	244672	952818.1	921:3:0	publish**publish@3	titl**titl@3	https://en.wikipedia.org/wiki/Microsoft_Studios :Q73801	P170-1 :creator@en	https://en.wikipedia.org/wiki/Kinect_Sports :Q1741985
1	26	6	4,3333333333	297	2	4	23	30	0,7666666667	22	30	0,7333333333	31	31	0,2055602751	3,29376E-05	0,1123884671	0,0002930689	9	9	0	0	0	0	0	1	0,0384615385	1	0,0322580645	1	0,0322580645	0	0	1	1	0	0	1	1	0	0	846719	70	0	0	23	30	22	30	31	31	1	1	1	26	0,0322580645	0,0384615385	259617	2	f	259617	811405.1	21:2:4	airlin@3	presum_locat@3	https://en.wikipedia.org/wiki/MK_Airlines :Q842353	P17 :country@en	https://en.wikipedia.org/wiki/Halifax,_Nova_Scotia :Q2141
1	471	9	52,3333333333	4856	2	0	315	315	1	4	295	0,013559322	315	298	0,000361505	0,0024061892	0,001357348	1,7727136039	10	17	0	1	0	0	0	1	0,0021231423	1	0,0031746032	1	0,0033557047	1	0	1	1	0	0	1	1	0	0	36	8238	1	1	315	315	4	295	315	298	1	1	1	471	0,0033557047	0,0021231423	316307	2	f	316307	240939.1	290:2:0	platform@3	project@3	https://en.wikipedia.org/wiki/Kickstarter :Q34755	P123-1 :publisher@en	https://en.wikipedia.org/wiki/Sissyfight_2000 :Q16259235
1	56	5	11,2	168	1	2	56	56	1	53	30	1,7666666667	56	53	0,0071338212	0,0006410811	0,0133908223	0,0478746636	9	9	0	0	0	0,2222222222	0,2222222222	38	0,6785714286	38	0,6785714286	37	0,6981132075	0	0	1	1	0	0	1	1	0	0	1966	32	1	0	56	56	53	30	56	53	38	37	38	56	0,6981132075	0,6785714286	379561	1	f	379561	902260.1	4:1:2	player@3	team@3	https://en.wikipedia.org/wiki/Bill_Dahlen :Q4908652	P54 :member of sports team@en	https://en.wikipedia.org/wiki/Chicago_Colts :Q5869217
2	55	6	9,1666666667	321	1	3	52	52	1	41	26	1,5769230769	52	48	0,0002438865	3,7568E-06	0,0001329218	0,0282632544	67	10	0	0	0	0	0	3	0,0545454545	3	0,0576923077	3	0,0625	0	0	1	1	11	0	1	1	0	0	317	1	0	167	52	52	41	26	52	48	3	3	3	55	0,0625	0,0545454545	453258	3	f	453258	956279.2	9:1:3	coach@3	team@3	https://en.wikipedia.org/wiki/Dick_Motta :Q2561234	P647 :drafted by@en	https://en.wikipedia.org/wiki/Chicago_Bulls :Q128109
1	66	6	11	235	0	2	29	32	0,90625	29	32	0,90625	32	32	0,067402741	0,0002207778	0,0497066631	0,0044416129	75	23	0	0	0	0	0	1	0,0151515152	1	0,03125	1	0,03125	0	0	1	1	20	14	1	1	0	0	423238	28	1	2204	29	32	29	32	32	32	1	1	1	66	0,03125	0,0151515152	465855	3	f	465855	162002.1	18:0:2	name@3	notabl@3	https://en.wikipedia.org/wiki/James_Lloyd_Ashbury :Q6138139	P106 :occupation@en	https://en.wikipedia.org/wiki/Member_of_Parliament :Q486839
2	503	8	62,875	4209	0	1	383	388	0,9871134021	327	21	15,5714285714	388	373	0,0212308128	0,0034896558	0,0162061679	0,2153288704	9	86	1	0	0	0	0	1	0,0019880716	1	0,0025773196	1	0,0026809651	0	0	1	1	0	1	1	1	0	0	32274	104	0	36	383	388	327	21	388	373	1	1	1	503	0,0026809651	0,0019880716	486282	3	f	486282	699600.2	61:0:1	name@3	servic@3	https://en.wikipedia.org/wiki/HMS_Battler_(D18) :Q4346607	P361 :part of@en	https://en.wikipedia.org/wiki/Royal_Navy :Q172771
1	258	8	32,25	3609	4	0	266	258	1,0310077519	6	258	0,023255814	266	266	3,3637E-06	3,6039E-06	0,000001988	1,8128372538	9	67	0	0	0	0	0	1	0,003875969	1	0,0037593985	1	0,0037593985	0	0	1	1	0	12	1	1	0	0	2	5	0	0	266	258	6	258	266	266	1	1	1	258	0,0037593985	0,003875969	487274	3	f	487274	850306.1	116:4:0	club@3	player@3	https://en.wikipedia.org/wiki/Manchester_United_FC :Q18656	P634 :captain@en	https://en.wikipedia.org/wiki/Mike_Phelan :Q325580
1	834	7	119,1428571429	2225	2	0	694	694	1	354	693	0,5108225108	694	693	0,0006410811	0,0071338212	0,0133908223	0,5327395869	9	70	0	0	0	0	0	419	0,5023980815	419	0,6037463977	419	0,6046176046	0	0	1	1	0	15	1	1	0	0	32	1966	852	2	694	694	354	693	694	693	419	419	413	834	0,6046176046	0,4952038369	489468	1	f	489468	239453.1	228:2:0	club@3	name@3	https://en.wikipedia.org/wiki/Blackburn_Rovers_FC :Q19446	P54-1 :member of sports team@en	https://en.wikipedia.org/wiki/Bill_Eckersley :Q633434
1	878	5	175,6	2634	0	2	878	878	1	878	76	11,5526315789	878	878	0,0058610509	0,0058708579	0,003496823	1,678911939	9	9	0	0	0	0	0	1	0,0011389522	1	0,0011389522	1	0,0011389522	0	0	1	1	0	0	1	1	0	0	60	60	0	2	878	878	878	76	878	878	1	1	1	878	0,0011389522	0,0011389522	499524	1	f	499524	358159.1	555:0:2	district_ampho@3	provinc_changwat@3	https://en.wikipedia.org/wiki/Phachi_District :Q476359	P1889 :different from@en	https://en.wikipedia.org/wiki/Ayutthaya_Province :Q476222
1	855	5	171	6580	3	0	830	678	1,2241887906	795	667	1,191904048	823	823	0,002673796	0,0004815917	0,0016002881	0,3009406208	17	10	1	0	0	0	0	1	0,0011695906	1	0,0012150668	1	0,0012150668	0	0	1	1	0	0	1	1	0	0	10308	25	0	0	830	678	795	667	823	823	1	1	1	855	0,0012150668	0,0011695906	513977	3	f	513977	973243.1	813:3:0	notabl_game_publish@3	publish@3	https://en.wikipedia.org/wiki/AdvertCity :Q20646849	P127 :owned by@en	https://en.wikipedia.org/wiki/VoxelStorm :Q21716377
1	42	14	3	267	2	3	41	47	0,8723404255	13	47	0,2765957447	47	47	6,9676E-06	0,0004296735	0,0002535467	1,6946524603	53	9	0	0	0	0	0	4	0,0952380952	4	0,085106383	4	0,085106383	0	0	1	1	0	0	1	1	0	0	4	2387	1232	0	41	47	13	47	47	47	4	4	4	42	0,085106383	0,0952380952	517267	1	f	517267	810048.1	37:2:3	nat**nat@4	player**player@3	https://en.wikipedia.org/wiki/England :Q21	P1532-1 :country for sport@en	https://en.wikipedia.org/wiki/Joe_Aribo :Q27469960
2	20	8	2,5	187	3	7	12	12	1	5	3	1,6666666667	12	8	0,0001356599	0,0001222272	8,07935E-05	1,5128337369	9	9	0	0	0	0	0	2	0,1	2	0,1666666667	1	0,125	0	0	1	1	0	0	1	1	1	0	30	17	0	0	12	12	5	3	12	8	2	1	1	20	0,125	0,05	662197	3	f	662197	474183.2	4:3:7	2__first_minist@3	2__parti@3	https://en.wikipedia.org/wiki/Henry_McLeish :Q333820	P488-1 :chairperson@en	https://en.wikipedia.org/wiki/Scottish_Liberal_Democrats :Q3250438
21	27	6	4,5	192	3	0	27	27	1	11	21	0,5238095238	27	25	0,0001222272	0,0001356599	8,07935E-05	1,6790940564	9	9	0	0	0	0	0	1	0,037037037	1	0,037037037	1	0,04	0	0	1	1	0	0	1	1	0	0	17	30	1	0	27	27	11	21	27	25	1	1	1	27	0,04	0,037037037	845266	3	f	845266	203907.21	6:3:0	2__parti@3	leader@3	https://en.wikipedia.org/wiki/Labour_Party_(Ireland) :Q503614	P488 :chairperson@en	https://en.wikipedia.org/wiki/William_Norton :Q2580143
1	55	11	5	830	5	9	55	55	1	6	9	0,6666666667	55	18	0,0001222272	0,0001356599	8,07935E-05	1,6790940564	10	10	0	0	0	0	0	6	0,1090909091	6	0,1090909091	1	0,0555555556	0	0	1	1	0	0	1	1	1	1	17	30	2	0	55	55	6	9	55	18	6	1	1	55	0,0555555556	0,0181818182	845333	3	f	845333	809174.1	8:5:9	2__parti@3	taoiseach@3	https://en.wikipedia.org/wiki/Fine_Gael :Q247135	P488 :chairperson@en	https://en.wikipedia.org/wiki/Garret_FitzGerald :Q1425313
6	44	5	8,8	377	4	3	40	40	1	14	31	0,4516129032	40	33	0,0006410811	0,0071338212	0,0133908223	0,5327395869	10	11	0	0	0,2222222222	0	0,2222222222	6	0,1363636364	6	0,15	4	0,1212121212	0	0	1	1	0	0	1	1	0	0	32	1966	1198	2	40	40	14	31	40	33	6	4	6	44	0,1212121212	0,1363636364	949041	3	f	949041	1000642.6	21:4:3	2__team@3	nfc_coach@3	https://en.wikipedia.org/wiki/Chicago_Bears :Q205033	P54-1 :member of sports team@en	https://en.wikipedia.org/wiki/Jack_Pardee :Q6114512
